"No.","Time","Source","Destination","Protocol","Length","Info","New Column","New Column"
"6","0.000000","controller","host","HCI_EVT","46","Rcvd LE Meta (LE Advertising Report)","",""
"11","1.040776","controller","host","HCI_EVT","46","Rcvd LE Meta (LE Advertising Report)","",""
"82","11.408346","controller","host","HCI_EVT","46","Rcvd LE Meta (LE Advertising Report)","",""
"130","9.319657","controller","host","HCI_EVT","46","Rcvd LE Meta (LE Advertising Report)","",""
"168","6.218245","controller","host","HCI_EVT","46","Rcvd LE Meta (LE Advertising Report)","",""
"179","2.076983","controller","host","HCI_EVT","46","Rcvd LE Meta (LE Advertising Report)","",""
"184","1.035481","controller","host","HCI_EVT","46","Rcvd LE Meta (LE Advertising Report)","",""
"192","2.070954","controller","host","HCI_EVT","46","Rcvd LE Meta (LE Advertising Report)","",""
"223","5.178366","controller","host","HCI_EVT","46","Rcvd LE Meta (LE Advertising Report)","",""
"290","9.323889","controller","host","HCI_EVT","46","Rcvd LE Meta (LE Advertising Report)","",""
"314","4.159149","controller","host","HCI_EVT","46","Rcvd LE Meta (LE Advertising Report)","",""
"349","5.183554","controller","host","HCI_EVT","46","Rcvd LE Meta (LE Advertising Report)","",""
"466","16.580256","controller","host","HCI_EVT","46","Rcvd LE Meta (LE Advertising Report)","",""
"512","8.301266","controller","host","HCI_EVT","46","Rcvd LE Meta (LE Advertising Report)","",""
"523","1.039347","controller","host","HCI_EVT","46","Rcvd LE Meta (LE Advertising Report)","",""
"539","2.077974","controller","host","HCI_EVT","46","Rcvd LE Meta (LE Advertising Report)","",""
"568","5.183646","controller","host","HCI_EVT","46","Rcvd LE Meta (LE Advertising Report)","",""
"640","12.436202","controller","host","HCI_EVT","46","Rcvd LE Meta (LE Advertising Report)","",""
"675","4.153096","controller","host","HCI_EVT","46","Rcvd LE Meta (LE Advertising Report)","",""
"689","1.034663","controller","host","HCI_EVT","46","Rcvd LE Meta (LE Advertising Report)","",""
"701","1.036343","controller","host","HCI_EVT","46","Rcvd LE Meta (LE Advertising Report)","",""
"787","10.376376","controller","host","HCI_EVT","46","Rcvd LE Meta (LE Advertising Report)","",""
"822","5.179368","controller","host","HCI_EVT","46","Rcvd LE Meta (LE Advertising Report)","",""
"864","4.142150","controller","host","HCI_EVT","46","Rcvd LE Meta (LE Advertising Report)","",""
"883","2.077003","controller","host","HCI_EVT","46","Rcvd LE Meta (LE Advertising Report)","",""
"900","1.039625","controller","host","HCI_EVT","46","Rcvd LE Meta (LE Advertising Report)","",""
"1003","16.579322","controller","host","HCI_EVT","46","Rcvd LE Meta (LE Advertising Report)","",""
