"No.","Time","Source","Destination","Protocol","Length","Info","New Column","New Column"
"11","0.000000","controller","host","HCI_EVT","46","Rcvd LE Meta (LE Advertising Report)","",""
"17","1.036186","controller","host","HCI_EVT","46","Rcvd LE Meta (LE Advertising Report)","",""
"28","2.069816","controller","host","HCI_EVT","46","Rcvd LE Meta (LE Advertising Report)","",""
"67","6.201954","controller","host","HCI_EVT","46","Rcvd LE Meta (LE Advertising Report)","",""
"79","2.066085","controller","host","HCI_EVT","46","Rcvd LE Meta (LE Advertising Report)","",""
"108","4.132964","controller","host","HCI_EVT","46","Rcvd LE Meta (LE Advertising Report)","",""
"136","5.183093","controller","host","HCI_EVT","46","Rcvd LE Meta (LE Advertising Report)","",""
"158","2.079912","controller","host","HCI_EVT","46","Rcvd LE Meta (LE Advertising Report)","",""
"197","4.144989","controller","host","HCI_EVT","46","Rcvd LE Meta (LE Advertising Report)","",""
"221","4.142629","controller","host","HCI_EVT","46","Rcvd LE Meta (LE Advertising Report)","",""
"231","2.068525","controller","host","HCI_EVT","46","Rcvd LE Meta (LE Advertising Report)","",""
"258","3.111982","controller","host","HCI_EVT","46","Rcvd LE Meta (LE Advertising Report)","",""
"269","3.107830","controller","host","HCI_EVT","46","Rcvd LE Meta (LE Advertising Report)","",""
"290","3.113036","controller","host","HCI_EVT","46","Rcvd LE Meta (LE Advertising Report)","",""
"303","2.071898","controller","host","HCI_EVT","46","Rcvd LE Meta (LE Advertising Report)","",""
"329","3.102999","controller","host","HCI_EVT","46","Rcvd LE Meta (LE Advertising Report)","",""
"337","1.035079","controller","host","HCI_EVT","46","Rcvd LE Meta (LE Advertising Report)","",""
"344","1.037975","controller","host","HCI_EVT","46","Rcvd LE Meta (LE Advertising Report)","",""
"351","1.031145","controller","host","HCI_EVT","46","Rcvd LE Meta (LE Advertising Report)","",""
"367","2.072796","controller","host","HCI_EVT","46","Rcvd LE Meta (LE Advertising Report)","",""
"394","4.138036","controller","host","HCI_EVT","46","Rcvd LE Meta (LE Advertising Report)","",""
"404","1.035780","controller","host","HCI_EVT","46","Rcvd LE Meta (LE Advertising Report)","",""
"414","1.040335","controller","host","HCI_EVT","46","Rcvd LE Meta (LE Advertising Report)","",""
"435","4.143967","controller","host","HCI_EVT","46","Rcvd LE Meta (LE Advertising Report)","",""
"443","1.039321","controller","host","HCI_EVT","46","Rcvd LE Meta (LE Advertising Report)","",""
"527","14.519539","controller","host","HCI_EVT","46","Rcvd LE Meta (LE Advertising Report)","",""
"560","4.142302","controller","host","HCI_EVT","46","Rcvd LE Meta (LE Advertising Report)","",""
"571","1.038016","controller","host","HCI_EVT","46","Rcvd LE Meta (LE Advertising Report)","",""
"603","3.113112","controller","host","HCI_EVT","46","Rcvd LE Meta (LE Advertising Report)","",""
"612","1.037568","controller","host","HCI_EVT","46","Rcvd LE Meta (LE Advertising Report)","",""
"646","4.153167","controller","host","HCI_EVT","46","Rcvd LE Meta (LE Advertising Report)","",""
"651","1.027893","controller","host","HCI_EVT","46","Rcvd LE Meta (LE Advertising Report)","",""
"706","7.246914","controller","host","HCI_EVT","46","Rcvd LE Meta (LE Advertising Report)","",""
"732","4.132036","controller","host","HCI_EVT","46","Rcvd LE Meta (LE Advertising Report)","",""
"765","4.139980","controller","host","HCI_EVT","46","Rcvd LE Meta (LE Advertising Report)","",""
"863","10.356932","controller","host","HCI_EVT","46","Rcvd LE Meta (LE Advertising Report)","",""
"908","5.168171","controller","host","HCI_EVT","46","Rcvd LE Meta (LE Advertising Report)","",""
"915","1.033869","controller","host","HCI_EVT","46","Rcvd LE Meta (LE Advertising Report)","",""
"926","2.071099","controller","host","HCI_EVT","46","Rcvd LE Meta (LE Advertising Report)","",""
"941","1.034075","controller","host","HCI_EVT","46","Rcvd LE Meta (LE Advertising Report)","",""
"976","4.151870","controller","host","HCI_EVT","46","Rcvd LE Meta (LE Advertising Report)","",""
"999","4.157097","controller","host","HCI_EVT","46","Rcvd LE Meta (LE Advertising Report)","",""
