"No.","Time","Source","Destination","Protocol","Length","Info","New Column","New Column"
"6","0.000000","controller","host","HCI_EVT","46","Rcvd LE Meta (LE Advertising Report)","",""
"8","0.141683","controller","host","HCI_EVT","46","Rcvd LE Meta (LE Advertising Report)","",""
"12","0.263045","controller","host","HCI_EVT","46","Rcvd LE Meta (LE Advertising Report)","",""
"18","1.357967","controller","host","HCI_EVT","46","Rcvd LE Meta (LE Advertising Report)","",""
"22","0.408041","controller","host","HCI_EVT","46","Rcvd LE Meta (LE Advertising Report)","",""
"28","0.674958","controller","host","HCI_EVT","46","Rcvd LE Meta (LE Advertising Report)","",""
"32","0.408152","controller","host","HCI_EVT","46","Rcvd LE Meta (LE Advertising Report)","",""
"35","0.403957","controller","host","HCI_EVT","46","Rcvd LE Meta (LE Advertising Report)","",""
"46","0.807904","controller","host","HCI_EVT","46","Rcvd LE Meta (LE Advertising Report)","",""
"47","0.819110","controller","host","HCI_EVT","46","Rcvd LE Meta (LE Advertising Report)","",""
"51","0.275038","controller","host","HCI_EVT","46","Rcvd LE Meta (LE Advertising Report)","",""
"56","0.816950","controller","host","HCI_EVT","46","Rcvd LE Meta (LE Advertising Report)","",""
"58","0.134089","controller","host","HCI_EVT","46","Rcvd LE Meta (LE Advertising Report)","",""
"66","0.948853","controller","host","HCI_EVT","46","Rcvd LE Meta (LE Advertising Report)","",""
"67","0.144977","controller","host","HCI_EVT","46","Rcvd LE Meta (LE Advertising Report)","",""
"71","0.123996","controller","host","HCI_EVT","46","Rcvd LE Meta (LE Advertising Report)","",""
"73","0.137224","controller","host","HCI_EVT","46","Rcvd LE Meta (LE Advertising Report)","",""
"78","0.268723","controller","host","HCI_EVT","46","Rcvd LE Meta (LE Advertising Report)","",""
"81","0.412085","controller","host","HCI_EVT","46","Rcvd LE Meta (LE Advertising Report)","",""
"89","0.409040","controller","host","HCI_EVT","46","Rcvd LE Meta (LE Advertising Report)","",""
"90","0.134903","controller","host","HCI_EVT","46","Rcvd LE Meta (LE Advertising Report)","",""
"95","0.406188","controller","host","HCI_EVT","46","Rcvd LE Meta (LE Advertising Report)","",""
"103","1.079890","controller","host","HCI_EVT","46","Rcvd LE Meta (LE Advertising Report)","",""
"105","0.168113","controller","host","HCI_EVT","46","Rcvd LE Meta (LE Advertising Report)","",""
"106","0.107867","controller","host","HCI_EVT","46","Rcvd LE Meta (LE Advertising Report)","",""
"108","0.137919","controller","host","HCI_EVT","46","Rcvd LE Meta (LE Advertising Report)","",""
"110","0.138259","controller","host","HCI_EVT","46","Rcvd LE Meta (LE Advertising Report)","",""
"112","0.133850","controller","host","HCI_EVT","46","Rcvd LE Meta (LE Advertising Report)","",""
"113","0.134915","controller","host","HCI_EVT","46","Rcvd LE Meta (LE Advertising Report)","",""
"116","0.267998","controller","host","HCI_EVT","46","Rcvd LE Meta (LE Advertising Report)","",""
"119","0.273115","controller","host","HCI_EVT","46","Rcvd LE Meta (LE Advertising Report)","",""
"120","0.136917","controller","host","HCI_EVT","46","Rcvd LE Meta (LE Advertising Report)","",""
"121","0.126972","controller","host","HCI_EVT","46","Rcvd LE Meta (LE Advertising Report)","",""
"123","0.408259","controller","host","HCI_EVT","46","Rcvd LE Meta (LE Advertising Report)","",""
"125","0.133788","controller","host","HCI_EVT","46","Rcvd LE Meta (LE Advertising Report)","",""
"126","0.135504","controller","host","HCI_EVT","46","Rcvd LE Meta (LE Advertising Report)","",""
"127","0.137475","controller","host","HCI_EVT","46","Rcvd LE Meta (LE Advertising Report)","",""
"128","0.280071","controller","host","HCI_EVT","46","Rcvd LE Meta (LE Advertising Report)","",""
"131","0.270944","controller","host","HCI_EVT","46","Rcvd LE Meta (LE Advertising Report)","",""
"133","0.135004","controller","host","HCI_EVT","46","Rcvd LE Meta (LE Advertising Report)","",""
"136","0.277019","controller","host","HCI_EVT","46","Rcvd LE Meta (LE Advertising Report)","",""
"137","0.138991","controller","host","HCI_EVT","46","Rcvd LE Meta (LE Advertising Report)","",""
"139","0.135194","controller","host","HCI_EVT","46","Rcvd LE Meta (LE Advertising Report)","",""
"146","0.956221","controller","host","HCI_EVT","46","Rcvd LE Meta (LE Advertising Report)","",""
"149","0.412685","controller","host","HCI_EVT","46","Rcvd LE Meta (LE Advertising Report)","",""
"151","0.262009","controller","host","HCI_EVT","46","Rcvd LE Meta (LE Advertising Report)","",""
"152","0.133817","controller","host","HCI_EVT","46","Rcvd LE Meta (LE Advertising Report)","",""
"153","0.134092","controller","host","HCI_EVT","46","Rcvd LE Meta (LE Advertising Report)","",""
"157","0.269015","controller","host","HCI_EVT","46","Rcvd LE Meta (LE Advertising Report)","",""
"158","0.403875","controller","host","HCI_EVT","46","Rcvd LE Meta (LE Advertising Report)","",""
"160","0.172987","controller","host","HCI_EVT","46","Rcvd LE Meta (LE Advertising Report)","",""
"168","0.652130","controller","host","HCI_EVT","46","Rcvd LE Meta (LE Advertising Report)","",""
"172","0.270895","controller","host","HCI_EVT","46","Rcvd LE Meta (LE Advertising Report)","",""
"175","0.281166","controller","host","HCI_EVT","46","Rcvd LE Meta (LE Advertising Report)","",""
"177","0.414850","controller","host","HCI_EVT","46","Rcvd LE Meta (LE Advertising Report)","",""
"183","0.695080","controller","host","HCI_EVT","46","Rcvd LE Meta (LE Advertising Report)","",""
"187","0.272924","controller","host","HCI_EVT","46","Rcvd LE Meta (LE Advertising Report)","",""
"189","0.136231","controller","host","HCI_EVT","46","Rcvd LE Meta (LE Advertising Report)","",""
"193","0.414898","controller","host","HCI_EVT","46","Rcvd LE Meta (LE Advertising Report)","",""
"194","0.134847","controller","host","HCI_EVT","46","Rcvd LE Meta (LE Advertising Report)","",""
"199","0.548070","controller","host","HCI_EVT","46","Rcvd LE Meta (LE Advertising Report)","",""
"205","0.404957","controller","host","HCI_EVT","46","Rcvd LE Meta (LE Advertising Report)","",""
"209","0.270129","controller","host","HCI_EVT","46","Rcvd LE Meta (LE Advertising Report)","",""
"213","0.674867","controller","host","HCI_EVT","46","Rcvd LE Meta (LE Advertising Report)","",""
"214","0.138050","controller","host","HCI_EVT","46","Rcvd LE Meta (LE Advertising Report)","",""
"215","0.270040","controller","host","HCI_EVT","46","Rcvd LE Meta (LE Advertising Report)","",""
"228","1.225883","controller","host","HCI_EVT","46","Rcvd LE Meta (LE Advertising Report)","",""
"229","0.135008","controller","host","HCI_EVT","46","Rcvd LE Meta (LE Advertising Report)","",""
"233","0.402003","controller","host","HCI_EVT","46","Rcvd LE Meta (LE Advertising Report)","",""
"241","0.948027","controller","host","HCI_EVT","46","Rcvd LE Meta (LE Advertising Report)","",""
"255","1.357953","controller","host","HCI_EVT","46","Rcvd LE Meta (LE Advertising Report)","",""
"256","0.274058","controller","host","HCI_EVT","46","Rcvd LE Meta (LE Advertising Report)","",""
"262","0.688066","controller","host","HCI_EVT","46","Rcvd LE Meta (LE Advertising Report)","",""
"266","0.550016","controller","host","HCI_EVT","46","Rcvd LE Meta (LE Advertising Report)","",""
"269","0.202897","controller","host","HCI_EVT","46","Rcvd LE Meta (LE Advertising Report)","",""
"272","0.268990","controller","host","HCI_EVT","46","Rcvd LE Meta (LE Advertising Report)","",""
"282","1.362392","controller","host","HCI_EVT","46","Rcvd LE Meta (LE Advertising Report)","",""
"283","0.270638","controller","host","HCI_EVT","46","Rcvd LE Meta (LE Advertising Report)","",""
"287","0.540158","controller","host","HCI_EVT","46","Rcvd LE Meta (LE Advertising Report)","",""
"291","0.270756","controller","host","HCI_EVT","46","Rcvd LE Meta (LE Advertising Report)","",""
"296","0.553325","controller","host","HCI_EVT","46","Rcvd LE Meta (LE Advertising Report)","",""
"305","1.739900","controller","host","HCI_EVT","46","Rcvd LE Meta (LE Advertising Report)","",""
"306","0.134798","controller","host","HCI_EVT","46","Rcvd LE Meta (LE Advertising Report)","",""
"311","0.816969","controller","host","HCI_EVT","46","Rcvd LE Meta (LE Advertising Report)","",""
"313","0.139100","controller","host","HCI_EVT","46","Rcvd LE Meta (LE Advertising Report)","",""
"314","0.133991","controller","host","HCI_EVT","46","Rcvd LE Meta (LE Advertising Report)","",""
"318","0.402100","controller","host","HCI_EVT","46","Rcvd LE Meta (LE Advertising Report)","",""
"319","0.137941","controller","host","HCI_EVT","46","Rcvd LE Meta (LE Advertising Report)","",""
"324","0.267785","controller","host","HCI_EVT","46","Rcvd LE Meta (LE Advertising Report)","",""
"330","0.531125","controller","host","HCI_EVT","46","Rcvd LE Meta (LE Advertising Report)","",""
"331","0.135066","controller","host","HCI_EVT","46","Rcvd LE Meta (LE Advertising Report)","",""
"335","0.394968","controller","host","HCI_EVT","46","Rcvd LE Meta (LE Advertising Report)","",""
"337","0.270199","controller","host","HCI_EVT","46","Rcvd LE Meta (LE Advertising Report)","",""
"344","0.808955","controller","host","HCI_EVT","46","Rcvd LE Meta (LE Advertising Report)","",""
"345","0.136146","controller","host","HCI_EVT","46","Rcvd LE Meta (LE Advertising Report)","",""
"350","0.696292","controller","host","HCI_EVT","46","Rcvd LE Meta (LE Advertising Report)","",""
"354","0.281410","controller","host","HCI_EVT","46","Rcvd LE Meta (LE Advertising Report)","",""
"357","0.269051","controller","host","HCI_EVT","46","Rcvd LE Meta (LE Advertising Report)","",""
"362","0.676992","controller","host","HCI_EVT","46","Rcvd LE Meta (LE Advertising Report)","",""
"368","0.414860","controller","host","HCI_EVT","46","Rcvd LE Meta (LE Advertising Report)","",""
"373","0.436103","controller","host","HCI_EVT","46","Rcvd LE Meta (LE Advertising Report)","",""
"376","0.381985","controller","host","HCI_EVT","46","Rcvd LE Meta (LE Advertising Report)","",""
"382","0.678053","controller","host","HCI_EVT","46","Rcvd LE Meta (LE Advertising Report)","",""
"388","0.820137","controller","host","HCI_EVT","46","Rcvd LE Meta (LE Advertising Report)","",""
"391","0.548805","controller","host","HCI_EVT","46","Rcvd LE Meta (LE Advertising Report)","",""
"395","0.273980","controller","host","HCI_EVT","46","Rcvd LE Meta (LE Advertising Report)","",""
"396","0.140299","controller","host","HCI_EVT","46","Rcvd LE Meta (LE Advertising Report)","",""
"397","0.132871","controller","host","HCI_EVT","46","Rcvd LE Meta (LE Advertising Report)","",""
"399","0.279964","controller","host","HCI_EVT","46","Rcvd LE Meta (LE Advertising Report)","",""
"406","0.950858","controller","host","HCI_EVT","46","Rcvd LE Meta (LE Advertising Report)","",""
"408","0.136115","controller","host","HCI_EVT","46","Rcvd LE Meta (LE Advertising Report)","",""
"411","0.395987","controller","host","HCI_EVT","46","Rcvd LE Meta (LE Advertising Report)","",""
"413","0.283056","controller","host","HCI_EVT","46","Rcvd LE Meta (LE Advertising Report)","",""
"415","0.392799","controller","host","HCI_EVT","46","Rcvd LE Meta (LE Advertising Report)","",""
"417","0.279235","controller","host","HCI_EVT","46","Rcvd LE Meta (LE Advertising Report)","",""
"424","0.675882","controller","host","HCI_EVT","46","Rcvd LE Meta (LE Advertising Report)","",""
"433","0.821702","controller","host","HCI_EVT","46","Rcvd LE Meta (LE Advertising Report)","",""
"436","0.131178","controller","host","HCI_EVT","46","Rcvd LE Meta (LE Advertising Report)","",""
"442","0.686104","controller","host","HCI_EVT","46","Rcvd LE Meta (LE Advertising Report)","",""
"446","0.137908","controller","host","HCI_EVT","46","Rcvd LE Meta (LE Advertising Report)","",""
"451","0.694260","controller","host","HCI_EVT","46","Rcvd LE Meta (LE Advertising Report)","",""
"455","0.598948","controller","host","HCI_EVT","46","Rcvd LE Meta (LE Advertising Report)","",""
"460","0.215764","controller","host","HCI_EVT","46","Rcvd LE Meta (LE Advertising Report)","",""
"464","0.415037","controller","host","HCI_EVT","46","Rcvd LE Meta (LE Advertising Report)","",""
"467","0.135005","controller","host","HCI_EVT","46","Rcvd LE Meta (LE Advertising Report)","",""
"472","0.958973","controller","host","HCI_EVT","46","Rcvd LE Meta (LE Advertising Report)","",""
"473","0.405084","controller","host","HCI_EVT","46","Rcvd LE Meta (LE Advertising Report)","",""
"476","0.278961","controller","host","HCI_EVT","46","Rcvd LE Meta (LE Advertising Report)","",""
"480","0.964224","controller","host","HCI_EVT","46","Rcvd LE Meta (LE Advertising Report)","",""
"486","0.542752","controller","host","HCI_EVT","46","Rcvd LE Meta (LE Advertising Report)","",""
"489","0.272091","controller","host","HCI_EVT","46","Rcvd LE Meta (LE Advertising Report)","",""
"491","0.550937","controller","host","HCI_EVT","46","Rcvd LE Meta (LE Advertising Report)","",""
"496","0.135078","controller","host","HCI_EVT","46","Rcvd LE Meta (LE Advertising Report)","",""
"499","0.266029","controller","host","HCI_EVT","46","Rcvd LE Meta (LE Advertising Report)","",""
"504","0.552268","controller","host","HCI_EVT","46","Rcvd LE Meta (LE Advertising Report)","",""
"506","0.137550","controller","host","HCI_EVT","46","Rcvd LE Meta (LE Advertising Report)","",""
"509","0.312239","controller","host","HCI_EVT","46","Rcvd LE Meta (LE Advertising Report)","",""
"514","0.243077","controller","host","HCI_EVT","46","Rcvd LE Meta (LE Advertising Report)","",""
"515","0.137164","controller","host","HCI_EVT","46","Rcvd LE Meta (LE Advertising Report)","",""
"516","0.133644","controller","host","HCI_EVT","46","Rcvd LE Meta (LE Advertising Report)","",""
"534","3.125257","controller","host","HCI_EVT","46","Rcvd LE Meta (LE Advertising Report)","",""
"535","0.412715","controller","host","HCI_EVT","46","Rcvd LE Meta (LE Advertising Report)","",""
"538","0.139566","controller","host","HCI_EVT","46","Rcvd LE Meta (LE Advertising Report)","",""
"541","0.405091","controller","host","HCI_EVT","46","Rcvd LE Meta (LE Advertising Report)","",""
"543","0.273292","controller","host","HCI_EVT","46","Rcvd LE Meta (LE Advertising Report)","",""
"547","0.409574","controller","host","HCI_EVT","46","Rcvd LE Meta (LE Advertising Report)","",""
"549","0.134391","controller","host","HCI_EVT","46","Rcvd LE Meta (LE Advertising Report)","",""
"557","0.425544","controller","host","HCI_EVT","46","Rcvd LE Meta (LE Advertising Report)","",""
"565","0.811446","controller","host","HCI_EVT","46","Rcvd LE Meta (LE Advertising Report)","",""
"568","0.131046","controller","host","HCI_EVT","46","Rcvd LE Meta (LE Advertising Report)","",""
"571","0.674955","controller","host","HCI_EVT","46","Rcvd LE Meta (LE Advertising Report)","",""
"580","0.966098","controller","host","HCI_EVT","46","Rcvd LE Meta (LE Advertising Report)","",""
"594","1.081967","controller","host","HCI_EVT","46","Rcvd LE Meta (LE Advertising Report)","",""
"595","0.138011","controller","host","HCI_EVT","46","Rcvd LE Meta (LE Advertising Report)","",""
"607","1.915289","controller","host","HCI_EVT","46","Rcvd LE Meta (LE Advertising Report)","",""
"614","0.680824","controller","host","HCI_EVT","46","Rcvd LE Meta (LE Advertising Report)","",""
"617","0.137862","controller","host","HCI_EVT","46","Rcvd LE Meta (LE Advertising Report)","",""
"623","1.093654","controller","host","HCI_EVT","46","Rcvd LE Meta (LE Advertising Report)","",""
"626","0.134634","controller","host","HCI_EVT","46","Rcvd LE Meta (LE Advertising Report)","",""
"633","0.808705","controller","host","HCI_EVT","46","Rcvd LE Meta (LE Advertising Report)","",""
"634","0.136078","controller","host","HCI_EVT","46","Rcvd LE Meta (LE Advertising Report)","",""
"635","0.132149","controller","host","HCI_EVT","46","Rcvd LE Meta (LE Advertising Report)","",""
"638","0.419810","controller","host","HCI_EVT","46","Rcvd LE Meta (LE Advertising Report)","",""
"639","0.281065","controller","host","HCI_EVT","46","Rcvd LE Meta (LE Advertising Report)","",""
"640","0.132847","controller","host","HCI_EVT","46","Rcvd LE Meta (LE Advertising Report)","",""
"641","0.132078","controller","host","HCI_EVT","46","Rcvd LE Meta (LE Advertising Report)","",""
"643","0.137928","controller","host","HCI_EVT","46","Rcvd LE Meta (LE Advertising Report)","",""
"648","0.272080","controller","host","HCI_EVT","46","Rcvd LE Meta (LE Advertising Report)","",""
"655","0.807920","controller","host","HCI_EVT","46","Rcvd LE Meta (LE Advertising Report)","",""
"668","1.363103","controller","host","HCI_EVT","46","Rcvd LE Meta (LE Advertising Report)","",""
"680","1.777069","controller","host","HCI_EVT","46","Rcvd LE Meta (LE Advertising Report)","",""
"687","1.079857","controller","host","HCI_EVT","46","Rcvd LE Meta (LE Advertising Report)","",""
"689","0.135134","controller","host","HCI_EVT","46","Rcvd LE Meta (LE Advertising Report)","",""
"690","0.134919","controller","host","HCI_EVT","46","Rcvd LE Meta (LE Advertising Report)","",""
"693","0.405965","controller","host","HCI_EVT","46","Rcvd LE Meta (LE Advertising Report)","",""
"695","0.134115","controller","host","HCI_EVT","46","Rcvd LE Meta (LE Advertising Report)","",""
"705","0.957932","controller","host","HCI_EVT","46","Rcvd LE Meta (LE Advertising Report)","",""
"707","0.262908","controller","host","HCI_EVT","46","Rcvd LE Meta (LE Advertising Report)","",""
"711","0.274167","controller","host","HCI_EVT","46","Rcvd LE Meta (LE Advertising Report)","",""
"712","0.136564","controller","host","HCI_EVT","46","Rcvd LE Meta (LE Advertising Report)","",""
"715","0.150362","controller","host","HCI_EVT","46","Rcvd LE Meta (LE Advertising Report)","",""
"718","0.253920","controller","host","HCI_EVT","46","Rcvd LE Meta (LE Advertising Report)","",""
"720","0.134984","controller","host","HCI_EVT","46","Rcvd LE Meta (LE Advertising Report)","",""
"721","0.134982","controller","host","HCI_EVT","46","Rcvd LE Meta (LE Advertising Report)","",""
"725","0.548052","controller","host","HCI_EVT","46","Rcvd LE Meta (LE Advertising Report)","",""
"727","0.143993","controller","host","HCI_EVT","46","Rcvd LE Meta (LE Advertising Report)","",""
"728","0.124989","controller","host","HCI_EVT","46","Rcvd LE Meta (LE Advertising Report)","",""
"732","0.675058","controller","host","HCI_EVT","46","Rcvd LE Meta (LE Advertising Report)","",""
"737","0.949199","controller","host","HCI_EVT","46","Rcvd LE Meta (LE Advertising Report)","",""
"742","0.404724","controller","host","HCI_EVT","46","Rcvd LE Meta (LE Advertising Report)","",""
"757","2.046075","controller","host","HCI_EVT","46","Rcvd LE Meta (LE Advertising Report)","",""
"763","1.085089","controller","host","HCI_EVT","46","Rcvd LE Meta (LE Advertising Report)","",""
"767","1.223840","controller","host","HCI_EVT","46","Rcvd LE Meta (LE Advertising Report)","",""
"772","0.415059","controller","host","HCI_EVT","46","Rcvd LE Meta (LE Advertising Report)","",""
"777","0.538917","controller","host","HCI_EVT","46","Rcvd LE Meta (LE Advertising Report)","",""
"782","0.719093","controller","host","HCI_EVT","46","Rcvd LE Meta (LE Advertising Report)","",""
"783","0.226009","controller","host","HCI_EVT","46","Rcvd LE Meta (LE Advertising Report)","",""
"785","0.135943","controller","host","HCI_EVT","46","Rcvd LE Meta (LE Advertising Report)","",""
"789","0.266099","controller","host","HCI_EVT","46","Rcvd LE Meta (LE Advertising Report)","",""
"796","1.083200","controller","host","HCI_EVT","46","Rcvd LE Meta (LE Advertising Report)","",""
"802","0.266679","controller","host","HCI_EVT","46","Rcvd LE Meta (LE Advertising Report)","",""
"810","0.826037","controller","host","HCI_EVT","46","Rcvd LE Meta (LE Advertising Report)","",""
"812","0.133050","controller","host","HCI_EVT","46","Rcvd LE Meta (LE Advertising Report)","",""
"813","0.179950","controller","host","HCI_EVT","46","Rcvd LE Meta (LE Advertising Report)","",""
"816","0.091198","controller","host","HCI_EVT","46","Rcvd LE Meta (LE Advertising Report)","",""
"822","0.416748","controller","host","HCI_EVT","46","Rcvd LE Meta (LE Advertising Report)","",""
"827","0.819982","controller","host","HCI_EVT","46","Rcvd LE Meta (LE Advertising Report)","",""
"829","0.131059","controller","host","HCI_EVT","46","Rcvd LE Meta (LE Advertising Report)","",""
"832","0.140075","controller","host","HCI_EVT","46","Rcvd LE Meta (LE Advertising Report)","",""
"834","0.554969","controller","host","HCI_EVT","46","Rcvd LE Meta (LE Advertising Report)","",""
"836","0.264929","controller","host","HCI_EVT","46","Rcvd LE Meta (LE Advertising Report)","",""
"837","0.135020","controller","host","HCI_EVT","46","Rcvd LE Meta (LE Advertising Report)","",""
"844","1.091005","controller","host","HCI_EVT","46","Rcvd LE Meta (LE Advertising Report)","",""
"852","0.946163","controller","host","HCI_EVT","46","Rcvd LE Meta (LE Advertising Report)","",""
"855","0.812809","controller","host","HCI_EVT","46","Rcvd LE Meta (LE Advertising Report)","",""
"864","1.075158","controller","host","HCI_EVT","46","Rcvd LE Meta (LE Advertising Report)","",""
"866","0.274069","controller","host","HCI_EVT","46","Rcvd LE Meta (LE Advertising Report)","",""
"870","0.684798","controller","host","HCI_EVT","46","Rcvd LE Meta (LE Advertising Report)","",""
"872","0.691179","controller","host","HCI_EVT","46","Rcvd LE Meta (LE Advertising Report)","",""
"873","0.270243","controller","host","HCI_EVT","46","Rcvd LE Meta (LE Advertising Report)","",""
"882","0.814569","controller","host","HCI_EVT","46","Rcvd LE Meta (LE Advertising Report)","",""
"884","0.273286","controller","host","HCI_EVT","46","Rcvd LE Meta (LE Advertising Report)","",""
"888","0.263775","controller","host","HCI_EVT","46","Rcvd LE Meta (LE Advertising Report)","",""
"894","0.272863","controller","host","HCI_EVT","46","Rcvd LE Meta (LE Advertising Report)","",""
"902","0.821369","controller","host","HCI_EVT","46","Rcvd LE Meta (LE Advertising Report)","",""
"904","0.134641","controller","host","HCI_EVT","46","Rcvd LE Meta (LE Advertising Report)","",""
"910","0.822078","controller","host","HCI_EVT","46","Rcvd LE Meta (LE Advertising Report)","",""
"916","0.270002","controller","host","HCI_EVT","46","Rcvd LE Meta (LE Advertising Report)","",""
"920","0.427944","controller","host","HCI_EVT","46","Rcvd LE Meta (LE Advertising Report)","",""
"929","1.335053","controller","host","HCI_EVT","46","Rcvd LE Meta (LE Advertising Report)","",""
"938","1.366247","controller","host","HCI_EVT","46","Rcvd LE Meta (LE Advertising Report)","",""
"939","0.134445","controller","host","HCI_EVT","46","Rcvd LE Meta (LE Advertising Report)","",""
"940","0.279228","controller","host","HCI_EVT","46","Rcvd LE Meta (LE Advertising Report)","",""
"942","0.272125","controller","host","HCI_EVT","46","Rcvd LE Meta (LE Advertising Report)","",""
"949","0.823329","controller","host","HCI_EVT","46","Rcvd LE Meta (LE Advertising Report)","",""
"950","0.949633","controller","host","HCI_EVT","46","Rcvd LE Meta (LE Advertising Report)","",""
"955","0.273952","controller","host","HCI_EVT","46","Rcvd LE Meta (LE Advertising Report)","",""
"960","1.237134","controller","host","HCI_EVT","46","Rcvd LE Meta (LE Advertising Report)","",""
"963","0.270046","controller","host","HCI_EVT","46","Rcvd LE Meta (LE Advertising Report)","",""
"966","0.280805","controller","host","HCI_EVT","46","Rcvd LE Meta (LE Advertising Report)","",""
"968","0.136140","controller","host","HCI_EVT","46","Rcvd LE Meta (LE Advertising Report)","",""
"969","0.271203","controller","host","HCI_EVT","46","Rcvd LE Meta (LE Advertising Report)","",""
"970","0.133635","controller","host","HCI_EVT","46","Rcvd LE Meta (LE Advertising Report)","",""
"971","0.134036","controller","host","HCI_EVT","46","Rcvd LE Meta (LE Advertising Report)","",""
"975","0.541209","controller","host","HCI_EVT","46","Rcvd LE Meta (LE Advertising Report)","",""
"977","0.276777","controller","host","HCI_EVT","46","Rcvd LE Meta (LE Advertising Report)","",""
"984","0.416105","controller","host","HCI_EVT","46","Rcvd LE Meta (LE Advertising Report)","",""
"989","0.560955","controller","host","HCI_EVT","46","Rcvd LE Meta (LE Advertising Report)","",""
"995","1.220955","controller","host","HCI_EVT","46","Rcvd LE Meta (LE Advertising Report)","",""
"999","0.686042","controller","host","HCI_EVT","46","Rcvd LE Meta (LE Advertising Report)","",""
"1003","0.268949","controller","host","HCI_EVT","46","Rcvd LE Meta (LE Advertising Report)","",""
