"No.","Time","Source","Destination","Protocol","Length","Info","New Column","New Column"
"3","0.000000","controller","host","HCI_EVT","46","Rcvd LE Meta (LE Advertising Report)","",""
"4","0.135015","controller","host","HCI_EVT","46","Rcvd LE Meta (LE Advertising Report)","",""
"5","0.141201","controller","host","HCI_EVT","46","Rcvd LE Meta (LE Advertising Report)","",""
"6","0.133979","controller","host","HCI_EVT","46","Rcvd LE Meta (LE Advertising Report)","",""
"12","1.088076","controller","host","HCI_EVT","46","Rcvd LE Meta (LE Advertising Report)","",""
"14","0.132825","controller","host","HCI_EVT","46","Rcvd LE Meta (LE Advertising Report)","",""
"35","2.430962","controller","host","HCI_EVT","46","Rcvd LE Meta (LE Advertising Report)","",""
"42","1.092022","controller","host","HCI_EVT","46","Rcvd LE Meta (LE Advertising Report)","",""
"44","0.142092","controller","host","HCI_EVT","46","Rcvd LE Meta (LE Advertising Report)","",""
"47","0.273919","controller","host","HCI_EVT","46","Rcvd LE Meta (LE Advertising Report)","",""
"54","0.539936","controller","host","HCI_EVT","46","Rcvd LE Meta (LE Advertising Report)","",""
"63","0.690075","controller","host","HCI_EVT","46","Rcvd LE Meta (LE Advertising Report)","",""
"65","0.132949","controller","host","HCI_EVT","46","Rcvd LE Meta (LE Advertising Report)","",""
"69","0.808013","controller","host","HCI_EVT","46","Rcvd LE Meta (LE Advertising Report)","",""
"73","0.405003","controller","host","HCI_EVT","46","Rcvd LE Meta (LE Advertising Report)","",""
"74","0.134971","controller","host","HCI_EVT","46","Rcvd LE Meta (LE Advertising Report)","",""
"77","0.269971","controller","host","HCI_EVT","46","Rcvd LE Meta (LE Advertising Report)","",""
"79","0.404056","controller","host","HCI_EVT","46","Rcvd LE Meta (LE Advertising Report)","",""
"82","0.961022","controller","host","HCI_EVT","46","Rcvd LE Meta (LE Advertising Report)","",""
"92","0.812949","controller","host","HCI_EVT","46","Rcvd LE Meta (LE Advertising Report)","",""
"93","0.139053","controller","host","HCI_EVT","46","Rcvd LE Meta (LE Advertising Report)","",""
"94","0.134968","controller","host","HCI_EVT","46","Rcvd LE Meta (LE Advertising Report)","",""
"95","0.136221","controller","host","HCI_EVT","46","Rcvd LE Meta (LE Advertising Report)","",""
"100","0.284036","controller","host","HCI_EVT","46","Rcvd LE Meta (LE Advertising Report)","",""
"103","0.266973","controller","host","HCI_EVT","46","Rcvd LE Meta (LE Advertising Report)","",""
"112","1.911779","controller","host","HCI_EVT","46","Rcvd LE Meta (LE Advertising Report)","",""
"114","0.138185","controller","host","HCI_EVT","46","Rcvd LE Meta (LE Advertising Report)","",""
"116","0.133886","controller","host","HCI_EVT","46","Rcvd LE Meta (LE Advertising Report)","",""
"128","1.089822","controller","host","HCI_EVT","46","Rcvd LE Meta (LE Advertising Report)","",""
"129","0.271012","controller","host","HCI_EVT","46","Rcvd LE Meta (LE Advertising Report)","",""
"132","0.134064","controller","host","HCI_EVT","46","Rcvd LE Meta (LE Advertising Report)","",""
"135","0.270135","controller","host","HCI_EVT","46","Rcvd LE Meta (LE Advertising Report)","",""
"137","0.551966","controller","host","HCI_EVT","46","Rcvd LE Meta (LE Advertising Report)","",""
"138","0.132985","controller","host","HCI_EVT","46","Rcvd LE Meta (LE Advertising Report)","",""
"144","0.553938","controller","host","HCI_EVT","46","Rcvd LE Meta (LE Advertising Report)","",""
"152","1.088065","controller","host","HCI_EVT","46","Rcvd LE Meta (LE Advertising Report)","",""
"153","0.418972","controller","host","HCI_EVT","46","Rcvd LE Meta (LE Advertising Report)","",""
"158","0.821156","controller","host","HCI_EVT","46","Rcvd LE Meta (LE Advertising Report)","",""
"159","0.133017","controller","host","HCI_EVT","46","Rcvd LE Meta (LE Advertising Report)","",""
"162","0.438883","controller","host","HCI_EVT","46","Rcvd LE Meta (LE Advertising Report)","",""
"172","0.797916","controller","host","HCI_EVT","46","Rcvd LE Meta (LE Advertising Report)","",""
"178","1.091964","controller","host","HCI_EVT","46","Rcvd LE Meta (LE Advertising Report)","",""
"180","0.412355","controller","host","HCI_EVT","46","Rcvd LE Meta (LE Advertising Report)","",""
"181","0.409663","controller","host","HCI_EVT","46","Rcvd LE Meta (LE Advertising Report)","",""
"182","0.136091","controller","host","HCI_EVT","46","Rcvd LE Meta (LE Advertising Report)","",""
"183","0.317004","controller","host","HCI_EVT","46","Rcvd LE Meta (LE Advertising Report)","",""
"188","0.367959","controller","host","HCI_EVT","46","Rcvd LE Meta (LE Advertising Report)","",""
"192","0.279909","controller","host","HCI_EVT","46","Rcvd LE Meta (LE Advertising Report)","",""
"196","0.555097","controller","host","HCI_EVT","46","Rcvd LE Meta (LE Advertising Report)","",""
"202","0.672890","controller","host","HCI_EVT","46","Rcvd LE Meta (LE Advertising Report)","",""
"203","0.411036","controller","host","HCI_EVT","46","Rcvd LE Meta (LE Advertising Report)","",""
"205","0.279697","controller","host","HCI_EVT","46","Rcvd LE Meta (LE Advertising Report)","",""
"209","0.674561","controller","host","HCI_EVT","46","Rcvd LE Meta (LE Advertising Report)","",""
"216","0.545657","controller","host","HCI_EVT","46","Rcvd LE Meta (LE Advertising Report)","",""
"222","0.540035","controller","host","HCI_EVT","46","Rcvd LE Meta (LE Advertising Report)","",""
"224","0.134997","controller","host","HCI_EVT","46","Rcvd LE Meta (LE Advertising Report)","",""
"232","1.915125","controller","host","HCI_EVT","46","Rcvd LE Meta (LE Advertising Report)","",""
"238","0.696965","controller","host","HCI_EVT","46","Rcvd LE Meta (LE Advertising Report)","",""
"240","0.246993","controller","host","HCI_EVT","46","Rcvd LE Meta (LE Advertising Report)","",""
"243","0.134941","controller","host","HCI_EVT","46","Rcvd LE Meta (LE Advertising Report)","",""
"249","0.269984","controller","host","HCI_EVT","46","Rcvd LE Meta (LE Advertising Report)","",""
"251","0.280995","controller","host","HCI_EVT","46","Rcvd LE Meta (LE Advertising Report)","",""
"253","0.416946","controller","host","HCI_EVT","46","Rcvd LE Meta (LE Advertising Report)","",""
"256","0.271072","controller","host","HCI_EVT","46","Rcvd LE Meta (LE Advertising Report)","",""
"258","0.134986","controller","host","HCI_EVT","46","Rcvd LE Meta (LE Advertising Report)","",""
"260","0.965977","controller","host","HCI_EVT","46","Rcvd LE Meta (LE Advertising Report)","",""
"261","0.135039","controller","host","HCI_EVT","46","Rcvd LE Meta (LE Advertising Report)","",""
"264","0.269050","controller","host","HCI_EVT","46","Rcvd LE Meta (LE Advertising Report)","",""
"265","0.417926","controller","host","HCI_EVT","46","Rcvd LE Meta (LE Advertising Report)","",""
"275","0.966146","controller","host","HCI_EVT","46","Rcvd LE Meta (LE Advertising Report)","",""
"279","0.551943","controller","host","HCI_EVT","46","Rcvd LE Meta (LE Advertising Report)","",""
"290","0.955929","controller","host","HCI_EVT","46","Rcvd LE Meta (LE Advertising Report)","",""
"294","0.556968","controller","host","HCI_EVT","46","Rcvd LE Meta (LE Advertising Report)","",""
"297","0.267055","controller","host","HCI_EVT","46","Rcvd LE Meta (LE Advertising Report)","",""
"302","0.960936","controller","host","HCI_EVT","46","Rcvd LE Meta (LE Advertising Report)","",""
"305","0.139020","controller","host","HCI_EVT","46","Rcvd LE Meta (LE Advertising Report)","",""
"317","1.092152","controller","host","HCI_EVT","46","Rcvd LE Meta (LE Advertising Report)","",""
"324","0.414994","controller","host","HCI_EVT","46","Rcvd LE Meta (LE Advertising Report)","",""
"328","0.135886","controller","host","HCI_EVT","46","Rcvd LE Meta (LE Advertising Report)","",""
"332","0.415996","controller","host","HCI_EVT","46","Rcvd LE Meta (LE Advertising Report)","",""
"334","0.280053","controller","host","HCI_EVT","46","Rcvd LE Meta (LE Advertising Report)","",""
"345","0.955963","controller","host","HCI_EVT","46","Rcvd LE Meta (LE Advertising Report)","",""
"347","0.284087","controller","host","HCI_EVT","46","Rcvd LE Meta (LE Advertising Report)","",""
"352","0.536852","controller","host","HCI_EVT","46","Rcvd LE Meta (LE Advertising Report)","",""
"358","0.966202","controller","host","HCI_EVT","46","Rcvd LE Meta (LE Advertising Report)","",""
"364","0.420350","controller","host","HCI_EVT","46","Rcvd LE Meta (LE Advertising Report)","",""
"370","0.951590","controller","host","HCI_EVT","46","Rcvd LE Meta (LE Advertising Report)","",""
"376","0.678809","controller","host","HCI_EVT","46","Rcvd LE Meta (LE Advertising Report)","",""
"377","0.135111","controller","host","HCI_EVT","46","Rcvd LE Meta (LE Advertising Report)","",""
"380","0.405114","controller","host","HCI_EVT","46","Rcvd LE Meta (LE Advertising Report)","",""
"385","0.402827","controller","host","HCI_EVT","46","Rcvd LE Meta (LE Advertising Report)","",""
"389","0.816151","controller","host","HCI_EVT","46","Rcvd LE Meta (LE Advertising Report)","",""
"390","0.138978","controller","host","HCI_EVT","46","Rcvd LE Meta (LE Advertising Report)","",""
"393","0.406868","controller","host","HCI_EVT","46","Rcvd LE Meta (LE Advertising Report)","",""
"396","0.270981","controller","host","HCI_EVT","46","Rcvd LE Meta (LE Advertising Report)","",""
"404","1.102005","controller","host","HCI_EVT","46","Rcvd LE Meta (LE Advertising Report)","",""
"406","0.412031","controller","host","HCI_EVT","46","Rcvd LE Meta (LE Advertising Report)","",""
"408","0.406025","controller","host","HCI_EVT","46","Rcvd LE Meta (LE Advertising Report)","",""
"414","0.689982","controller","host","HCI_EVT","46","Rcvd LE Meta (LE Advertising Report)","",""
"417","0.275005","controller","host","HCI_EVT","46","Rcvd LE Meta (LE Advertising Report)","",""
"427","1.759965","controller","host","HCI_EVT","46","Rcvd LE Meta (LE Advertising Report)","",""
"429","0.140034","controller","host","HCI_EVT","46","Rcvd LE Meta (LE Advertising Report)","",""
"447","2.173952","controller","host","HCI_EVT","46","Rcvd LE Meta (LE Advertising Report)","",""
"450","0.265100","controller","host","HCI_EVT","46","Rcvd LE Meta (LE Advertising Report)","",""
"452","0.412932","controller","host","HCI_EVT","46","Rcvd LE Meta (LE Advertising Report)","",""
"454","0.416983","controller","host","HCI_EVT","46","Rcvd LE Meta (LE Advertising Report)","",""
"458","0.532996","controller","host","HCI_EVT","46","Rcvd LE Meta (LE Advertising Report)","",""
"462","1.237042","controller","host","HCI_EVT","46","Rcvd LE Meta (LE Advertising Report)","",""
"465","0.536998","controller","host","HCI_EVT","46","Rcvd LE Meta (LE Advertising Report)","",""
"468","0.421432","controller","host","HCI_EVT","46","Rcvd LE Meta (LE Advertising Report)","",""
"470","0.266613","controller","host","HCI_EVT","46","Rcvd LE Meta (LE Advertising Report)","",""
"472","0.133027","controller","host","HCI_EVT","46","Rcvd LE Meta (LE Advertising Report)","",""
"474","0.270829","controller","host","HCI_EVT","46","Rcvd LE Meta (LE Advertising Report)","",""
"476","0.133078","controller","host","HCI_EVT","46","Rcvd LE Meta (LE Advertising Report)","",""
"488","1.498117","controller","host","HCI_EVT","46","Rcvd LE Meta (LE Advertising Report)","",""
"495","0.957905","controller","host","HCI_EVT","46","Rcvd LE Meta (LE Advertising Report)","",""
"496","0.404167","controller","host","HCI_EVT","46","Rcvd LE Meta (LE Advertising Report)","",""
"501","1.382774","controller","host","HCI_EVT","46","Rcvd LE Meta (LE Advertising Report)","",""
"502","0.260229","controller","host","HCI_EVT","46","Rcvd LE Meta (LE Advertising Report)","",""
"503","0.414725","controller","host","HCI_EVT","46","Rcvd LE Meta (LE Advertising Report)","",""
"508","0.408621","controller","host","HCI_EVT","46","Rcvd LE Meta (LE Advertising Report)","",""
"515","0.682455","controller","host","HCI_EVT","46","Rcvd LE Meta (LE Advertising Report)","",""
"520","0.820017","controller","host","HCI_EVT","46","Rcvd LE Meta (LE Advertising Report)","",""
"525","0.407163","controller","host","HCI_EVT","46","Rcvd LE Meta (LE Advertising Report)","",""
"529","0.133913","controller","host","HCI_EVT","46","Rcvd LE Meta (LE Advertising Report)","",""
"530","0.134513","controller","host","HCI_EVT","46","Rcvd LE Meta (LE Advertising Report)","",""
"547","1.495365","controller","host","HCI_EVT","46","Rcvd LE Meta (LE Advertising Report)","",""
"549","0.137155","controller","host","HCI_EVT","46","Rcvd LE Meta (LE Advertising Report)","",""
"552","0.549829","controller","host","HCI_EVT","46","Rcvd LE Meta (LE Advertising Report)","",""
"553","0.417245","controller","host","HCI_EVT","46","Rcvd LE Meta (LE Advertising Report)","",""
"558","0.404821","controller","host","HCI_EVT","46","Rcvd LE Meta (LE Advertising Report)","",""
"563","0.417143","controller","host","HCI_EVT","46","Rcvd LE Meta (LE Advertising Report)","",""
"565","0.133788","controller","host","HCI_EVT","46","Rcvd LE Meta (LE Advertising Report)","",""
"566","0.134075","controller","host","HCI_EVT","46","Rcvd LE Meta (LE Advertising Report)","",""
"570","0.271045","controller","host","HCI_EVT","46","Rcvd LE Meta (LE Advertising Report)","",""
"572","0.419992","controller","host","HCI_EVT","46","Rcvd LE Meta (LE Advertising Report)","",""
"595","2.998920","controller","host","HCI_EVT","46","Rcvd LE Meta (LE Advertising Report)","",""
"596","0.270973","controller","host","HCI_EVT","46","Rcvd LE Meta (LE Advertising Report)","",""
"604","0.952176","controller","host","HCI_EVT","46","Rcvd LE Meta (LE Advertising Report)","",""
"609","0.280903","controller","host","HCI_EVT","46","Rcvd LE Meta (LE Advertising Report)","",""
"610","0.135913","controller","host","HCI_EVT","46","Rcvd LE Meta (LE Advertising Report)","",""
"622","1.232062","controller","host","HCI_EVT","46","Rcvd LE Meta (LE Advertising Report)","",""
"624","0.410216","controller","host","HCI_EVT","46","Rcvd LE Meta (LE Advertising Report)","",""
"626","0.139949","controller","host","HCI_EVT","46","Rcvd LE Meta (LE Advertising Report)","",""
"631","0.411009","controller","host","HCI_EVT","46","Rcvd LE Meta (LE Advertising Report)","",""
"643","1.129898","controller","host","HCI_EVT","46","Rcvd LE Meta (LE Advertising Report)","",""
"644","0.102950","controller","host","HCI_EVT","46","Rcvd LE Meta (LE Advertising Report)","",""
"647","0.413950","controller","host","HCI_EVT","46","Rcvd LE Meta (LE Advertising Report)","",""
"659","0.954088","controller","host","HCI_EVT","46","Rcvd LE Meta (LE Advertising Report)","",""
"661","0.403962","controller","host","HCI_EVT","46","Rcvd LE Meta (LE Advertising Report)","",""
"666","0.281093","controller","host","HCI_EVT","46","Rcvd LE Meta (LE Advertising Report)","",""
"669","0.686804","controller","host","HCI_EVT","46","Rcvd LE Meta (LE Advertising Report)","",""
"673","0.138139","controller","host","HCI_EVT","46","Rcvd LE Meta (LE Advertising Report)","",""
"676","0.418047","controller","host","HCI_EVT","46","Rcvd LE Meta (LE Advertising Report)","",""
"679","0.121806","controller","host","HCI_EVT","46","Rcvd LE Meta (LE Advertising Report)","",""
"680","0.136257","controller","host","HCI_EVT","46","Rcvd LE Meta (LE Advertising Report)","",""
"682","0.403754","controller","host","HCI_EVT","46","Rcvd LE Meta (LE Advertising Report)","",""
"683","0.416063","controller","host","HCI_EVT","46","Rcvd LE Meta (LE Advertising Report)","",""
"686","0.418129","controller","host","HCI_EVT","46","Rcvd LE Meta (LE Advertising Report)","",""
"695","0.960820","controller","host","HCI_EVT","46","Rcvd LE Meta (LE Advertising Report)","",""
"713","2.049130","controller","host","HCI_EVT","46","Rcvd LE Meta (LE Advertising Report)","",""
"719","0.808964","controller","host","HCI_EVT","46","Rcvd LE Meta (LE Advertising Report)","",""
"723","0.408906","controller","host","HCI_EVT","46","Rcvd LE Meta (LE Advertising Report)","",""
"724","0.134947","controller","host","HCI_EVT","46","Rcvd LE Meta (LE Advertising Report)","",""
"727","0.411323","controller","host","HCI_EVT","46","Rcvd LE Meta (LE Advertising Report)","",""
"730","0.533858","controller","host","HCI_EVT","46","Rcvd LE Meta (LE Advertising Report)","",""
"731","0.134936","controller","host","HCI_EVT","46","Rcvd LE Meta (LE Advertising Report)","",""
"734","0.551882","controller","host","HCI_EVT","46","Rcvd LE Meta (LE Advertising Report)","",""
"736","0.135035","controller","host","HCI_EVT","46","Rcvd LE Meta (LE Advertising Report)","",""
"744","1.361049","controller","host","HCI_EVT","46","Rcvd LE Meta (LE Advertising Report)","",""
"747","0.135003","controller","host","HCI_EVT","46","Rcvd LE Meta (LE Advertising Report)","",""
"752","0.412261","controller","host","HCI_EVT","46","Rcvd LE Meta (LE Advertising Report)","",""
"758","0.936976","controller","host","HCI_EVT","46","Rcvd LE Meta (LE Advertising Report)","",""
"762","0.406960","controller","host","HCI_EVT","46","Rcvd LE Meta (LE Advertising Report)","",""
"767","0.675967","controller","host","HCI_EVT","46","Rcvd LE Meta (LE Advertising Report)","",""
"773","0.415788","controller","host","HCI_EVT","46","Rcvd LE Meta (LE Advertising Report)","",""
"775","0.412963","controller","host","HCI_EVT","46","Rcvd LE Meta (LE Advertising Report)","",""
"776","0.132042","controller","host","HCI_EVT","46","Rcvd LE Meta (LE Advertising Report)","",""
"782","0.410277","controller","host","HCI_EVT","46","Rcvd LE Meta (LE Advertising Report)","",""
"786","0.402776","controller","host","HCI_EVT","46","Rcvd LE Meta (LE Advertising Report)","",""
"798","1.497952","controller","host","HCI_EVT","46","Rcvd LE Meta (LE Advertising Report)","",""
"805","0.956199","controller","host","HCI_EVT","46","Rcvd LE Meta (LE Advertising Report)","",""
"807","0.268876","controller","host","HCI_EVT","46","Rcvd LE Meta (LE Advertising Report)","",""
"809","0.266067","controller","host","HCI_EVT","46","Rcvd LE Meta (LE Advertising Report)","",""
"812","0.410071","controller","host","HCI_EVT","46","Rcvd LE Meta (LE Advertising Report)","",""
"814","0.546850","controller","host","HCI_EVT","46","Rcvd LE Meta (LE Advertising Report)","",""
"815","0.137973","controller","host","HCI_EVT","46","Rcvd LE Meta (LE Advertising Report)","",""
"822","0.543956","controller","host","HCI_EVT","46","Rcvd LE Meta (LE Advertising Report)","",""
"823","0.132023","controller","host","HCI_EVT","46","Rcvd LE Meta (LE Advertising Report)","",""
"826","0.269975","controller","host","HCI_EVT","46","Rcvd LE Meta (LE Advertising Report)","",""
"834","0.550033","controller","host","HCI_EVT","46","Rcvd LE Meta (LE Advertising Report)","",""
"835","0.137209","controller","host","HCI_EVT","46","Rcvd LE Meta (LE Advertising Report)","",""
"850","1.640760","controller","host","HCI_EVT","46","Rcvd LE Meta (LE Advertising Report)","",""
"856","0.954057","controller","host","HCI_EVT","46","Rcvd LE Meta (LE Advertising Report)","",""
"864","1.217905","controller","host","HCI_EVT","46","Rcvd LE Meta (LE Advertising Report)","",""
"866","0.272426","controller","host","HCI_EVT","46","Rcvd LE Meta (LE Advertising Report)","",""
"869","0.132722","controller","host","HCI_EVT","46","Rcvd LE Meta (LE Advertising Report)","",""
"875","0.553589","controller","host","HCI_EVT","46","Rcvd LE Meta (LE Advertising Report)","",""
"876","0.134122","controller","host","HCI_EVT","46","Rcvd LE Meta (LE Advertising Report)","",""
"880","0.417868","controller","host","HCI_EVT","46","Rcvd LE Meta (LE Advertising Report)","",""
"888","0.806263","controller","host","HCI_EVT","46","Rcvd LE Meta (LE Advertising Report)","",""
"899","1.631120","controller","host","HCI_EVT","46","Rcvd LE Meta (LE Advertising Report)","",""
"900","0.270946","controller","host","HCI_EVT","46","Rcvd LE Meta (LE Advertising Report)","",""
"902","0.421056","controller","host","HCI_EVT","46","Rcvd LE Meta (LE Advertising Report)","",""
"903","0.401177","controller","host","HCI_EVT","46","Rcvd LE Meta (LE Advertising Report)","",""
"906","0.264702","controller","host","HCI_EVT","46","Rcvd LE Meta (LE Advertising Report)","",""
"908","0.142128","controller","host","HCI_EVT","46","Rcvd LE Meta (LE Advertising Report)","",""
"915","0.397966","controller","host","HCI_EVT","46","Rcvd LE Meta (LE Advertising Report)","",""
"933","1.915978","controller","host","HCI_EVT","46","Rcvd LE Meta (LE Advertising Report)","",""
"944","1.227223","controller","host","HCI_EVT","46","Rcvd LE Meta (LE Advertising Report)","",""
"947","0.405922","controller","host","HCI_EVT","46","Rcvd LE Meta (LE Advertising Report)","",""
"949","0.545793","controller","host","HCI_EVT","46","Rcvd LE Meta (LE Advertising Report)","",""
"951","0.278994","controller","host","HCI_EVT","46","Rcvd LE Meta (LE Advertising Report)","",""
"952","0.137187","controller","host","HCI_EVT","46","Rcvd LE Meta (LE Advertising Report)","",""
"955","0.404288","controller","host","HCI_EVT","46","Rcvd LE Meta (LE Advertising Report)","",""
"968","0.678540","controller","host","HCI_EVT","46","Rcvd LE Meta (LE Advertising Report)","",""
"979","0.675033","controller","host","HCI_EVT","46","Rcvd LE Meta (LE Advertising Report)","",""
"982","0.275019","controller","host","HCI_EVT","46","Rcvd LE Meta (LE Advertising Report)","",""
"1003","1.774077","controller","host","HCI_EVT","46","Rcvd LE Meta (LE Advertising Report)","",""
