"No.","Time","Source","Destination","Protocol","Length","Info","New Column","New Column"
"4","0.000000","controller","host","HCI_EVT","46","Rcvd LE Meta (LE Advertising Report)","",""
"20","2.296785","controller","host","HCI_EVT","46","Rcvd LE Meta (LE Advertising Report)","",""
"27","0.873924","controller","host","HCI_EVT","46","Rcvd LE Meta (LE Advertising Report)","",""
"32","0.563134","controller","host","HCI_EVT","46","Rcvd LE Meta (LE Advertising Report)","",""
"35","0.283454","controller","host","HCI_EVT","46","Rcvd LE Meta (LE Advertising Report)","",""
"38","0.290584","controller","host","HCI_EVT","46","Rcvd LE Meta (LE Advertising Report)","",""
"59","3.146809","controller","host","HCI_EVT","46","Rcvd LE Meta (LE Advertising Report)","",""
"62","0.292668","controller","host","HCI_EVT","46","Rcvd LE Meta (LE Advertising Report)","",""
"65","0.564351","controller","host","HCI_EVT","46","Rcvd LE Meta (LE Advertising Report)","",""
"68","0.286217","controller","host","HCI_EVT","46","Rcvd LE Meta (LE Advertising Report)","",""
"73","0.571896","controller","host","HCI_EVT","46","Rcvd LE Meta (LE Advertising Report)","",""
"85","1.145898","controller","host","HCI_EVT","46","Rcvd LE Meta (LE Advertising Report)","",""
"94","1.148073","controller","host","HCI_EVT","46","Rcvd LE Meta (LE Advertising Report)","",""
"99","0.854886","controller","host","HCI_EVT","46","Rcvd LE Meta (LE Advertising Report)","",""
"105","0.863983","controller","host","HCI_EVT","46","Rcvd LE Meta (LE Advertising Report)","",""
"107","0.285053","controller","host","HCI_EVT","46","Rcvd LE Meta (LE Advertising Report)","",""
"112","0.866139","controller","host","HCI_EVT","46","Rcvd LE Meta (LE Advertising Report)","",""
"116","0.280864","controller","host","HCI_EVT","46","Rcvd LE Meta (LE Advertising Report)","",""
"119","0.595866","controller","host","HCI_EVT","46","Rcvd LE Meta (LE Advertising Report)","",""
"124","0.269130","controller","host","HCI_EVT","46","Rcvd LE Meta (LE Advertising Report)","",""
"134","2.304000","controller","host","HCI_EVT","46","Rcvd LE Meta (LE Advertising Report)","",""
"138","0.579242","controller","host","HCI_EVT","46","Rcvd LE Meta (LE Advertising Report)","",""
"140","0.569856","controller","host","HCI_EVT","46","Rcvd LE Meta (LE Advertising Report)","",""
"144","0.287996","controller","host","HCI_EVT","46","Rcvd LE Meta (LE Advertising Report)","",""
"148","0.569946","controller","host","HCI_EVT","46","Rcvd LE Meta (LE Advertising Report)","",""
"160","1.718958","controller","host","HCI_EVT","46","Rcvd LE Meta (LE Advertising Report)","",""
"167","0.853031","controller","host","HCI_EVT","46","Rcvd LE Meta (LE Advertising Report)","",""
"170","0.295204","controller","host","HCI_EVT","46","Rcvd LE Meta (LE Advertising Report)","",""
"178","0.582412","controller","host","HCI_EVT","46","Rcvd LE Meta (LE Advertising Report)","",""
"180","0.269399","controller","host","HCI_EVT","46","Rcvd LE Meta (LE Advertising Report)","",""
"186","0.575968","controller","host","HCI_EVT","46","Rcvd LE Meta (LE Advertising Report)","",""
"195","1.486918","controller","host","HCI_EVT","46","Rcvd LE Meta (LE Advertising Report)","",""
"198","0.232795","controller","host","HCI_EVT","46","Rcvd LE Meta (LE Advertising Report)","",""
"201","0.284276","controller","host","HCI_EVT","46","Rcvd LE Meta (LE Advertising Report)","",""
"209","0.853928","controller","host","HCI_EVT","46","Rcvd LE Meta (LE Advertising Report)","",""
"211","0.283121","controller","host","HCI_EVT","46","Rcvd LE Meta (LE Advertising Report)","",""
"223","1.141937","controller","host","HCI_EVT","46","Rcvd LE Meta (LE Advertising Report)","",""
"226","0.856998","controller","host","HCI_EVT","46","Rcvd LE Meta (LE Advertising Report)","",""
"232","0.282976","controller","host","HCI_EVT","46","Rcvd LE Meta (LE Advertising Report)","",""
"236","0.573191","controller","host","HCI_EVT","46","Rcvd LE Meta (LE Advertising Report)","",""
"237","0.289892","controller","host","HCI_EVT","46","Rcvd LE Meta (LE Advertising Report)","",""
"249","2.012217","controller","host","HCI_EVT","46","Rcvd LE Meta (LE Advertising Report)","",""
"255","0.284973","controller","host","HCI_EVT","46","Rcvd LE Meta (LE Advertising Report)","",""
"263","0.571894","controller","host","HCI_EVT","46","Rcvd LE Meta (LE Advertising Report)","",""
"264","0.284939","controller","host","HCI_EVT","46","Rcvd LE Meta (LE Advertising Report)","",""
"274","1.138537","controller","host","HCI_EVT","46","Rcvd LE Meta (LE Advertising Report)","",""
"281","0.859364","controller","host","HCI_EVT","46","Rcvd LE Meta (LE Advertising Report)","",""
"283","0.286209","controller","host","HCI_EVT","46","Rcvd LE Meta (LE Advertising Report)","",""
"286","0.580882","controller","host","HCI_EVT","46","Rcvd LE Meta (LE Advertising Report)","",""
"292","0.281859","controller","host","HCI_EVT","46","Rcvd LE Meta (LE Advertising Report)","",""
"297","0.574079","controller","host","HCI_EVT","46","Rcvd LE Meta (LE Advertising Report)","",""
"304","0.584280","controller","host","HCI_EVT","46","Rcvd LE Meta (LE Advertising Report)","",""
"309","0.561697","controller","host","HCI_EVT","46","Rcvd LE Meta (LE Advertising Report)","",""
"324","2.007254","controller","host","HCI_EVT","46","Rcvd LE Meta (LE Advertising Report)","",""
"330","0.861969","controller","host","HCI_EVT","46","Rcvd LE Meta (LE Advertising Report)","",""
"335","0.857832","controller","host","HCI_EVT","46","Rcvd LE Meta (LE Advertising Report)","",""
"342","0.576733","controller","host","HCI_EVT","46","Rcvd LE Meta (LE Advertising Report)","",""
"348","0.853167","controller","host","HCI_EVT","46","Rcvd LE Meta (LE Advertising Report)","",""
"353","0.570312","controller","host","HCI_EVT","46","Rcvd LE Meta (LE Advertising Report)","",""
"355","0.303950","controller","host","HCI_EVT","46","Rcvd LE Meta (LE Advertising Report)","",""
"360","0.263730","controller","host","HCI_EVT","46","Rcvd LE Meta (LE Advertising Report)","",""
"367","0.855326","controller","host","HCI_EVT","46","Rcvd LE Meta (LE Advertising Report)","",""
"375","1.140895","controller","host","HCI_EVT","46","Rcvd LE Meta (LE Advertising Report)","",""
"382","0.866812","controller","host","HCI_EVT","46","Rcvd LE Meta (LE Advertising Report)","",""
"391","1.431976","controller","host","HCI_EVT","46","Rcvd LE Meta (LE Advertising Report)","",""
"397","0.873454","controller","host","HCI_EVT","46","Rcvd LE Meta (LE Advertising Report)","",""
"400","0.861604","controller","host","HCI_EVT","46","Rcvd LE Meta (LE Advertising Report)","",""
"431","4.291939","controller","host","HCI_EVT","46","Rcvd LE Meta (LE Advertising Report)","",""
"435","0.866140","controller","host","HCI_EVT","46","Rcvd LE Meta (LE Advertising Report)","",""
"439","1.135859","controller","host","HCI_EVT","46","Rcvd LE Meta (LE Advertising Report)","",""
"443","0.577145","controller","host","HCI_EVT","46","Rcvd LE Meta (LE Advertising Report)","",""
"454","0.855869","controller","host","HCI_EVT","46","Rcvd LE Meta (LE Advertising Report)","",""
"460","0.289030","controller","host","HCI_EVT","46","Rcvd LE Meta (LE Advertising Report)","",""
"464","0.566320","controller","host","HCI_EVT","46","Rcvd LE Meta (LE Advertising Report)","",""
"469","0.854643","controller","host","HCI_EVT","46","Rcvd LE Meta (LE Advertising Report)","",""
"480","0.854993","controller","host","HCI_EVT","46","Rcvd LE Meta (LE Advertising Report)","",""
"489","0.867991","controller","host","HCI_EVT","46","Rcvd LE Meta (LE Advertising Report)","",""
"494","0.572022","controller","host","HCI_EVT","46","Rcvd LE Meta (LE Advertising Report)","",""
"510","2.283120","controller","host","HCI_EVT","46","Rcvd LE Meta (LE Advertising Report)","",""
"515","0.289129","controller","host","HCI_EVT","46","Rcvd LE Meta (LE Advertising Report)","",""
"521","0.576834","controller","host","HCI_EVT","46","Rcvd LE Meta (LE Advertising Report)","",""
"524","0.283093","controller","host","HCI_EVT","46","Rcvd LE Meta (LE Advertising Report)","",""
"533","0.862379","controller","host","HCI_EVT","46","Rcvd LE Meta (LE Advertising Report)","",""
"537","0.577411","controller","host","HCI_EVT","46","Rcvd LE Meta (LE Advertising Report)","",""
"543","1.149125","controller","host","HCI_EVT","46","Rcvd LE Meta (LE Advertising Report)","",""
"548","0.566937","controller","host","HCI_EVT","46","Rcvd LE Meta (LE Advertising Report)","",""
"549","0.577003","controller","host","HCI_EVT","46","Rcvd LE Meta (LE Advertising Report)","",""
"563","1.430050","controller","host","HCI_EVT","46","Rcvd LE Meta (LE Advertising Report)","",""
"570","1.428909","controller","host","HCI_EVT","46","Rcvd LE Meta (LE Advertising Report)","",""
"582","1.157942","controller","host","HCI_EVT","46","Rcvd LE Meta (LE Advertising Report)","",""
"589","1.148028","controller","host","HCI_EVT","46","Rcvd LE Meta (LE Advertising Report)","",""
"597","0.862051","controller","host","HCI_EVT","46","Rcvd LE Meta (LE Advertising Report)","",""
"608","1.136063","controller","host","HCI_EVT","46","Rcvd LE Meta (LE Advertising Report)","",""
"612","0.284930","controller","host","HCI_EVT","46","Rcvd LE Meta (LE Advertising Report)","",""
"634","3.146953","controller","host","HCI_EVT","46","Rcvd LE Meta (LE Advertising Report)","",""
"654","2.296143","controller","host","HCI_EVT","46","Rcvd LE Meta (LE Advertising Report)","",""
"657","0.565858","controller","host","HCI_EVT","46","Rcvd LE Meta (LE Advertising Report)","",""
"675","1.717102","controller","host","HCI_EVT","46","Rcvd LE Meta (LE Advertising Report)","",""
"684","0.587936","controller","host","HCI_EVT","46","Rcvd LE Meta (LE Advertising Report)","",""
"692","0.846162","controller","host","HCI_EVT","46","Rcvd LE Meta (LE Advertising Report)","",""
"694","0.573815","controller","host","HCI_EVT","46","Rcvd LE Meta (LE Advertising Report)","",""
"697","0.286081","controller","host","HCI_EVT","46","Rcvd LE Meta (LE Advertising Report)","",""
"702","0.284063","controller","host","HCI_EVT","46","Rcvd LE Meta (LE Advertising Report)","",""
"710","1.148863","controller","host","HCI_EVT","46","Rcvd LE Meta (LE Advertising Report)","",""
"712","0.289181","controller","host","HCI_EVT","46","Rcvd LE Meta (LE Advertising Report)","",""
"719","0.287152","controller","host","HCI_EVT","46","Rcvd LE Meta (LE Advertising Report)","",""
"723","0.571590","controller","host","HCI_EVT","46","Rcvd LE Meta (LE Advertising Report)","",""
"730","0.573079","controller","host","HCI_EVT","46","Rcvd LE Meta (LE Advertising Report)","",""
"748","1.723006","controller","host","HCI_EVT","46","Rcvd LE Meta (LE Advertising Report)","",""
"764","1.438054","controller","host","HCI_EVT","46","Rcvd LE Meta (LE Advertising Report)","",""
"768","0.574908","controller","host","HCI_EVT","46","Rcvd LE Meta (LE Advertising Report)","",""
"771","0.577202","controller","host","HCI_EVT","46","Rcvd LE Meta (LE Advertising Report)","",""
"778","0.570798","controller","host","HCI_EVT","46","Rcvd LE Meta (LE Advertising Report)","",""
"786","0.573015","controller","host","HCI_EVT","46","Rcvd LE Meta (LE Advertising Report)","",""
"797","1.136647","controller","host","HCI_EVT","46","Rcvd LE Meta (LE Advertising Report)","",""
"805","0.855340","controller","host","HCI_EVT","46","Rcvd LE Meta (LE Advertising Report)","",""
"806","0.572039","controller","host","HCI_EVT","46","Rcvd LE Meta (LE Advertising Report)","",""
"812","2.016814","controller","host","HCI_EVT","46","Rcvd LE Meta (LE Advertising Report)","",""
"814","0.280196","controller","host","HCI_EVT","46","Rcvd LE Meta (LE Advertising Report)","",""
"820","1.147422","controller","host","HCI_EVT","46","Rcvd LE Meta (LE Advertising Report)","",""
"822","0.280500","controller","host","HCI_EVT","46","Rcvd LE Meta (LE Advertising Report)","",""
"827","1.143905","controller","host","HCI_EVT","46","Rcvd LE Meta (LE Advertising Report)","",""
"837","1.142251","controller","host","HCI_EVT","46","Rcvd LE Meta (LE Advertising Report)","",""
"840","0.567960","controller","host","HCI_EVT","46","Rcvd LE Meta (LE Advertising Report)","",""
"845","0.286326","controller","host","HCI_EVT","46","Rcvd LE Meta (LE Advertising Report)","",""
"853","0.567573","controller","host","HCI_EVT","46","Rcvd LE Meta (LE Advertising Report)","",""
"858","0.574083","controller","host","HCI_EVT","46","Rcvd LE Meta (LE Advertising Report)","",""
"885","3.138852","controller","host","HCI_EVT","46","Rcvd LE Meta (LE Advertising Report)","",""
"887","0.293095","controller","host","HCI_EVT","46","Rcvd LE Meta (LE Advertising Report)","",""
"890","0.565993","controller","host","HCI_EVT","46","Rcvd LE Meta (LE Advertising Report)","",""
"893","0.573123","controller","host","HCI_EVT","46","Rcvd LE Meta (LE Advertising Report)","",""
"904","1.425065","controller","host","HCI_EVT","46","Rcvd LE Meta (LE Advertising Report)","",""
"911","0.573871","controller","host","HCI_EVT","46","Rcvd LE Meta (LE Advertising Report)","",""
"917","0.573988","controller","host","HCI_EVT","46","Rcvd LE Meta (LE Advertising Report)","",""
"927","1.697941","controller","host","HCI_EVT","46","Rcvd LE Meta (LE Advertising Report)","",""
"933","1.713997","controller","host","HCI_EVT","46","Rcvd LE Meta (LE Advertising Report)","",""
"951","2.351972","controller","host","HCI_EVT","46","Rcvd LE Meta (LE Advertising Report)","",""
"952","0.237211","controller","host","HCI_EVT","46","Rcvd LE Meta (LE Advertising Report)","",""
"957","1.130800","controller","host","HCI_EVT","46","Rcvd LE Meta (LE Advertising Report)","",""
"960","0.281042","controller","host","HCI_EVT","46","Rcvd LE Meta (LE Advertising Report)","",""
"979","2.582027","controller","host","HCI_EVT","46","Rcvd LE Meta (LE Advertising Report)","",""
"1000","1.711001","controller","host","HCI_EVT","46","Rcvd LE Meta (LE Advertising Report)","",""
