"No.","Time","Source","Destination","Protocol","Length","Info","New Column","New Column"
"5","0.000000","controller","host","HCI_EVT","46","Rcvd LE Meta (LE Advertising Report)","",""
"12","0.571869","controller","host","HCI_EVT","46","Rcvd LE Meta (LE Advertising Report)","",""
"36","2.867901","controller","host","HCI_EVT","46","Rcvd LE Meta (LE Advertising Report)","",""
"38","0.280938","controller","host","HCI_EVT","46","Rcvd LE Meta (LE Advertising Report)","",""
"47","0.856221","controller","host","HCI_EVT","46","Rcvd LE Meta (LE Advertising Report)","",""
"61","1.720212","controller","host","HCI_EVT","46","Rcvd LE Meta (LE Advertising Report)","",""
"67","1.424658","controller","host","HCI_EVT","46","Rcvd LE Meta (LE Advertising Report)","",""
"78","1.141986","controller","host","HCI_EVT","46","Rcvd LE Meta (LE Advertising Report)","",""
"81","0.281082","controller","host","HCI_EVT","46","Rcvd LE Meta (LE Advertising Report)","",""
"90","0.863912","controller","host","HCI_EVT","46","Rcvd LE Meta (LE Advertising Report)","",""
"95","0.283922","controller","host","HCI_EVT","46","Rcvd LE Meta (LE Advertising Report)","",""
"100","0.573269","controller","host","HCI_EVT","46","Rcvd LE Meta (LE Advertising Report)","",""
"115","2.001976","controller","host","HCI_EVT","46","Rcvd LE Meta (LE Advertising Report)","",""
"121","0.854978","controller","host","HCI_EVT","46","Rcvd LE Meta (LE Advertising Report)","",""
"123","0.571894","controller","host","HCI_EVT","46","Rcvd LE Meta (LE Advertising Report)","",""
"127","0.282964","controller","host","HCI_EVT","46","Rcvd LE Meta (LE Advertising Report)","",""
"133","0.856181","controller","host","HCI_EVT","46","Rcvd LE Meta (LE Advertising Report)","",""
"137","0.290968","controller","host","HCI_EVT","46","Rcvd LE Meta (LE Advertising Report)","",""
"139","0.283091","controller","host","HCI_EVT","46","Rcvd LE Meta (LE Advertising Report)","",""
"146","0.874822","controller","host","HCI_EVT","46","Rcvd LE Meta (LE Advertising Report)","",""
"159","1.969921","controller","host","HCI_EVT","46","Rcvd LE Meta (LE Advertising Report)","",""
"172","2.002040","controller","host","HCI_EVT","46","Rcvd LE Meta (LE Advertising Report)","",""
"176","0.573085","controller","host","HCI_EVT","46","Rcvd LE Meta (LE Advertising Report)","",""
"179","0.574861","controller","host","HCI_EVT","46","Rcvd LE Meta (LE Advertising Report)","",""
"185","0.865083","controller","host","HCI_EVT","46","Rcvd LE Meta (LE Advertising Report)","",""
"193","0.855012","controller","host","HCI_EVT","46","Rcvd LE Meta (LE Advertising Report)","",""
"206","2.003108","controller","host","HCI_EVT","46","Rcvd LE Meta (LE Advertising Report)","",""
"211","0.858096","controller","host","HCI_EVT","46","Rcvd LE Meta (LE Advertising Report)","",""
"228","1.998694","controller","host","HCI_EVT","46","Rcvd LE Meta (LE Advertising Report)","",""
"234","0.855005","controller","host","HCI_EVT","46","Rcvd LE Meta (LE Advertising Report)","",""
"238","0.282956","controller","host","HCI_EVT","46","Rcvd LE Meta (LE Advertising Report)","",""
"247","0.854046","controller","host","HCI_EVT","46","Rcvd LE Meta (LE Advertising Report)","",""
"254","1.734187","controller","host","HCI_EVT","46","Rcvd LE Meta (LE Advertising Report)","",""
"268","1.437868","controller","host","HCI_EVT","46","Rcvd LE Meta (LE Advertising Report)","",""
"276","1.441250","controller","host","HCI_EVT","46","Rcvd LE Meta (LE Advertising Report)","",""
"294","1.710666","controller","host","HCI_EVT","46","Rcvd LE Meta (LE Advertising Report)","",""
"298","1.147279","controller","host","HCI_EVT","46","Rcvd LE Meta (LE Advertising Report)","",""
"302","0.568914","controller","host","HCI_EVT","46","Rcvd LE Meta (LE Advertising Report)","",""
"314","1.431888","controller","host","HCI_EVT","46","Rcvd LE Meta (LE Advertising Report)","",""
"319","0.574087","controller","host","HCI_EVT","46","Rcvd LE Meta (LE Advertising Report)","",""
"326","1.429096","controller","host","HCI_EVT","46","Rcvd LE Meta (LE Advertising Report)","",""
"347","2.271984","controller","host","HCI_EVT","46","Rcvd LE Meta (LE Advertising Report)","",""
"367","2.295787","controller","host","HCI_EVT","46","Rcvd LE Meta (LE Advertising Report)","",""
"368","0.290118","controller","host","HCI_EVT","46","Rcvd LE Meta (LE Advertising Report)","",""
"374","0.572882","controller","host","HCI_EVT","46","Rcvd LE Meta (LE Advertising Report)","",""
"393","2.003157","controller","host","HCI_EVT","46","Rcvd LE Meta (LE Advertising Report)","",""
"417","2.566791","controller","host","HCI_EVT","46","Rcvd LE Meta (LE Advertising Report)","",""
"453","3.136175","controller","host","HCI_EVT","46","Rcvd LE Meta (LE Advertising Report)","",""
"466","2.287027","controller","host","HCI_EVT","46","Rcvd LE Meta (LE Advertising Report)","",""
"468","0.282741","controller","host","HCI_EVT","46","Rcvd LE Meta (LE Advertising Report)","",""
"473","0.572055","controller","host","HCI_EVT","46","Rcvd LE Meta (LE Advertising Report)","",""
"489","1.997935","controller","host","HCI_EVT","46","Rcvd LE Meta (LE Advertising Report)","",""
"507","1.434390","controller","host","HCI_EVT","46","Rcvd LE Meta (LE Advertising Report)","",""
"525","2.011675","controller","host","HCI_EVT","46","Rcvd LE Meta (LE Advertising Report)","",""
"530","0.284201","controller","host","HCI_EVT","46","Rcvd LE Meta (LE Advertising Report)","",""
"546","2.584898","controller","host","HCI_EVT","46","Rcvd LE Meta (LE Advertising Report)","",""
"549","0.283093","controller","host","HCI_EVT","46","Rcvd LE Meta (LE Advertising Report)","",""
"602","6.566841","controller","host","HCI_EVT","46","Rcvd LE Meta (LE Advertising Report)","",""
"608","0.566164","controller","host","HCI_EVT","46","Rcvd LE Meta (LE Advertising Report)","",""
"610","0.286805","controller","host","HCI_EVT","46","Rcvd LE Meta (LE Advertising Report)","",""
"617","0.578189","controller","host","HCI_EVT","46","Rcvd LE Meta (LE Advertising Report)","",""
"631","1.717903","controller","host","HCI_EVT","46","Rcvd LE Meta (LE Advertising Report)","",""
"632","0.309115","controller","host","HCI_EVT","46","Rcvd LE Meta (LE Advertising Report)","",""
"635","0.256778","controller","host","HCI_EVT","46","Rcvd LE Meta (LE Advertising Report)","",""
"636","0.573048","controller","host","HCI_EVT","46","Rcvd LE Meta (LE Advertising Report)","",""
"638","0.290300","controller","host","HCI_EVT","46","Rcvd LE Meta (LE Advertising Report)","",""
"645","0.858642","controller","host","HCI_EVT","46","Rcvd LE Meta (LE Advertising Report)","",""
"659","1.720061","controller","host","HCI_EVT","46","Rcvd LE Meta (LE Advertising Report)","",""
"663","0.289137","controller","host","HCI_EVT","46","Rcvd LE Meta (LE Advertising Report)","",""
"673","1.711067","controller","host","HCI_EVT","46","Rcvd LE Meta (LE Advertising Report)","",""
"682","0.572902","controller","host","HCI_EVT","46","Rcvd LE Meta (LE Advertising Report)","",""
"687","0.287051","controller","host","HCI_EVT","46","Rcvd LE Meta (LE Advertising Report)","",""
"690","0.285788","controller","host","HCI_EVT","46","Rcvd LE Meta (LE Advertising Report)","",""
"694","0.287174","controller","host","HCI_EVT","46","Rcvd LE Meta (LE Advertising Report)","",""
"714","1.719990","controller","host","HCI_EVT","46","Rcvd LE Meta (LE Advertising Report)","",""
"726","1.148013","controller","host","HCI_EVT","46","Rcvd LE Meta (LE Advertising Report)","",""
"731","0.572712","controller","host","HCI_EVT","46","Rcvd LE Meta (LE Advertising Report)","",""
"736","0.569158","controller","host","HCI_EVT","46","Rcvd LE Meta (LE Advertising Report)","",""
"738","0.286146","controller","host","HCI_EVT","46","Rcvd LE Meta (LE Advertising Report)","",""
"746","1.439857","controller","host","HCI_EVT","46","Rcvd LE Meta (LE Advertising Report)","",""
"752","0.573976","controller","host","HCI_EVT","46","Rcvd LE Meta (LE Advertising Report)","",""
"755","0.573942","controller","host","HCI_EVT","46","Rcvd LE Meta (LE Advertising Report)","",""
"765","2.290074","controller","host","HCI_EVT","46","Rcvd LE Meta (LE Advertising Report)","",""
"777","2.008256","controller","host","HCI_EVT","46","Rcvd LE Meta (LE Advertising Report)","",""
"783","0.849759","controller","host","HCI_EVT","46","Rcvd LE Meta (LE Advertising Report)","",""
"802","2.019066","controller","host","HCI_EVT","46","Rcvd LE Meta (LE Advertising Report)","",""
"806","0.289883","controller","host","HCI_EVT","46","Rcvd LE Meta (LE Advertising Report)","",""
"812","0.576169","controller","host","HCI_EVT","46","Rcvd LE Meta (LE Advertising Report)","",""
"814","0.574018","controller","host","HCI_EVT","46","Rcvd LE Meta (LE Advertising Report)","",""
"818","0.574991","controller","host","HCI_EVT","46","Rcvd LE Meta (LE Advertising Report)","",""
"826","1.143712","controller","host","HCI_EVT","46","Rcvd LE Meta (LE Advertising Report)","",""
"842","2.017292","controller","host","HCI_EVT","46","Rcvd LE Meta (LE Advertising Report)","",""
"845","0.281001","controller","host","HCI_EVT","46","Rcvd LE Meta (LE Advertising Report)","",""
"848","0.289770","controller","host","HCI_EVT","46","Rcvd LE Meta (LE Advertising Report)","",""
"861","1.150204","controller","host","HCI_EVT","46","Rcvd LE Meta (LE Advertising Report)","",""
"873","1.136031","controller","host","HCI_EVT","46","Rcvd LE Meta (LE Advertising Report)","",""
"896","2.574934","controller","host","HCI_EVT","46","Rcvd LE Meta (LE Advertising Report)","",""
"898","0.302024","controller","host","HCI_EVT","46","Rcvd LE Meta (LE Advertising Report)","",""
"900","0.553001","controller","host","HCI_EVT","46","Rcvd LE Meta (LE Advertising Report)","",""
"904","0.281795","controller","host","HCI_EVT","46","Rcvd LE Meta (LE Advertising Report)","",""
"916","1.146997","controller","host","HCI_EVT","46","Rcvd LE Meta (LE Advertising Report)","",""
"933","2.281982","controller","host","HCI_EVT","46","Rcvd LE Meta (LE Advertising Report)","",""
"940","0.856226","controller","host","HCI_EVT","46","Rcvd LE Meta (LE Advertising Report)","",""
"950","1.149835","controller","host","HCI_EVT","46","Rcvd LE Meta (LE Advertising Report)","",""
"960","0.864069","controller","host","HCI_EVT","46","Rcvd LE Meta (LE Advertising Report)","",""
"985","1.721057","controller","host","HCI_EVT","46","Rcvd LE Meta (LE Advertising Report)","",""
"1002","1.710027","controller","host","HCI_EVT","46","Rcvd LE Meta (LE Advertising Report)","",""
