"No.","Time","Source","Destination","Protocol","Length","Info","New Column","New Column"
"9","0.000000","controller","host","HCI_EVT","46","Rcvd LE Meta (LE Advertising Report)","",""
"22","2.682228","controller","host","HCI_EVT","46","Rcvd LE Meta (LE Advertising Report)","",""
"24","0.549828","controller","host","HCI_EVT","46","Rcvd LE Meta (LE Advertising Report)","",""
"32","1.612108","controller","host","HCI_EVT","46","Rcvd LE Meta (LE Advertising Report)","",""
"42","1.612447","controller","host","HCI_EVT","46","Rcvd LE Meta (LE Advertising Report)","",""
"52","1.069594","controller","host","HCI_EVT","46","Rcvd LE Meta (LE Advertising Report)","",""
"81","5.354752","controller","host","HCI_EVT","46","Rcvd LE Meta (LE Advertising Report)","",""
"98","2.151127","controller","host","HCI_EVT","46","Rcvd LE Meta (LE Advertising Report)","",""
"115","2.139058","controller","host","HCI_EVT","46","Rcvd LE Meta (LE Advertising Report)","",""
"125","3.218055","controller","host","HCI_EVT","46","Rcvd LE Meta (LE Advertising Report)","",""
"128","0.535715","controller","host","HCI_EVT","46","Rcvd LE Meta (LE Advertising Report)","",""
"168","9.103115","controller","host","HCI_EVT","46","Rcvd LE Meta (LE Advertising Report)","",""
"172","0.537919","controller","host","HCI_EVT","46","Rcvd LE Meta (LE Advertising Report)","",""
"180","1.071239","controller","host","HCI_EVT","46","Rcvd LE Meta (LE Advertising Report)","",""
"209","3.206770","controller","host","HCI_EVT","46","Rcvd LE Meta (LE Advertising Report)","",""
"225","1.609128","controller","host","HCI_EVT","46","Rcvd LE Meta (LE Advertising Report)","",""
"232","1.615930","controller","host","HCI_EVT","46","Rcvd LE Meta (LE Advertising Report)","",""
"254","3.761932","controller","host","HCI_EVT","46","Rcvd LE Meta (LE Advertising Report)","",""
"278","2.686074","controller","host","HCI_EVT","46","Rcvd LE Meta (LE Advertising Report)","",""
"290","2.139150","controller","host","HCI_EVT","46","Rcvd LE Meta (LE Advertising Report)","",""
"310","4.289783","controller","host","HCI_EVT","46","Rcvd LE Meta (LE Advertising Report)","",""
"317","2.662009","controller","host","HCI_EVT","46","Rcvd LE Meta (LE Advertising Report)","",""
"324","1.078922","controller","host","HCI_EVT","46","Rcvd LE Meta (LE Advertising Report)","",""
"355","6.434044","controller","host","HCI_EVT","46","Rcvd LE Meta (LE Advertising Report)","",""
"376","2.699008","controller","host","HCI_EVT","46","Rcvd LE Meta (LE Advertising Report)","",""
"434","7.498222","controller","host","HCI_EVT","46","Rcvd LE Meta (LE Advertising Report)","",""
"456","2.688916","controller","host","HCI_EVT","46","Rcvd LE Meta (LE Advertising Report)","",""
"493","5.354000","controller","host","HCI_EVT","46","Rcvd LE Meta (LE Advertising Report)","",""
"527","4.287909","controller","host","HCI_EVT","46","Rcvd LE Meta (LE Advertising Report)","",""
"553","3.744873","controller","host","HCI_EVT","46","Rcvd LE Meta (LE Advertising Report)","",""
"626","10.733085","controller","host","HCI_EVT","46","Rcvd LE Meta (LE Advertising Report)","",""
"689","8.041051","controller","host","HCI_EVT","46","Rcvd LE Meta (LE Advertising Report)","",""
"722","4.288054","controller","host","HCI_EVT","46","Rcvd LE Meta (LE Advertising Report)","",""
"737","2.148818","controller","host","HCI_EVT","46","Rcvd LE Meta (LE Advertising Report)","",""
"783","5.349992","controller","host","HCI_EVT","46","Rcvd LE Meta (LE Advertising Report)","",""
"796","1.612194","controller","host","HCI_EVT","46","Rcvd LE Meta (LE Advertising Report)","",""
"816","1.606867","controller","host","HCI_EVT","46","Rcvd LE Meta (LE Advertising Report)","",""
"827","1.080242","controller","host","HCI_EVT","46","Rcvd LE Meta (LE Advertising Report)","",""
"839","1.609839","controller","host","HCI_EVT","46","Rcvd LE Meta (LE Advertising Report)","",""
"844","0.538936","controller","host","HCI_EVT","46","Rcvd LE Meta (LE Advertising Report)","",""
"856","1.611905","controller","host","HCI_EVT","46","Rcvd LE Meta (LE Advertising Report)","",""
"869","2.138030","controller","host","HCI_EVT","46","Rcvd LE Meta (LE Advertising Report)","",""
"873","0.540900","controller","host","HCI_EVT","46","Rcvd LE Meta (LE Advertising Report)","",""
"877","0.535125","controller","host","HCI_EVT","46","Rcvd LE Meta (LE Advertising Report)","",""
"886","1.074273","controller","host","HCI_EVT","46","Rcvd LE Meta (LE Advertising Report)","",""
"891","0.533656","controller","host","HCI_EVT","46","Rcvd LE Meta (LE Advertising Report)","",""
"897","0.533069","controller","host","HCI_EVT","46","Rcvd LE Meta (LE Advertising Report)","",""
"903","0.540863","controller","host","HCI_EVT","46","Rcvd LE Meta (LE Advertising Report)","",""
"942","5.891025","controller","host","HCI_EVT","46","Rcvd LE Meta (LE Advertising Report)","",""
"947","0.542122","controller","host","HCI_EVT","46","Rcvd LE Meta (LE Advertising Report)","",""
"954","1.604988","controller","host","HCI_EVT","46","Rcvd LE Meta (LE Advertising Report)","",""
"961","2.150095","controller","host","HCI_EVT","46","Rcvd LE Meta (LE Advertising Report)","",""
"975","1.608848","controller","host","HCI_EVT","46","Rcvd LE Meta (LE Advertising Report)","",""
"983","2.142044","controller","host","HCI_EVT","46","Rcvd LE Meta (LE Advertising Report)","",""
"996","1.605121","controller","host","HCI_EVT","46","Rcvd LE Meta (LE Advertising Report)","",""
"1000","0.537787","controller","host","HCI_EVT","46","Rcvd LE Meta (LE Advertising Report)","",""
