"No.","Time","Source","Destination","Protocol","Length","Info","New Column","New Column"
"16","0.000000","controller","host","HCI_EVT","46","Rcvd LE Meta (LE Advertising Report)","",""
"25","1.070681","controller","host","HCI_EVT","46","Rcvd LE Meta (LE Advertising Report)","",""
"54","4.841235","controller","host","HCI_EVT","46","Rcvd LE Meta (LE Advertising Report)","",""
"66","1.066717","controller","host","HCI_EVT","46","Rcvd LE Meta (LE Advertising Report)","",""
"76","1.608567","controller","host","HCI_EVT","46","Rcvd LE Meta (LE Advertising Report)","",""
"83","1.071548","controller","host","HCI_EVT","46","Rcvd LE Meta (LE Advertising Report)","",""
"112","3.757840","controller","host","HCI_EVT","46","Rcvd LE Meta (LE Advertising Report)","",""
"120","1.069904","controller","host","HCI_EVT","46","Rcvd LE Meta (LE Advertising Report)","",""
"141","2.690196","controller","host","HCI_EVT","46","Rcvd LE Meta (LE Advertising Report)","",""
"162","3.222450","controller","host","HCI_EVT","46","Rcvd LE Meta (LE Advertising Report)","",""
"176","1.604890","controller","host","HCI_EVT","46","Rcvd LE Meta (LE Advertising Report)","",""
"185","1.070621","controller","host","HCI_EVT","46","Rcvd LE Meta (LE Advertising Report)","",""
"242","6.434243","controller","host","HCI_EVT","46","Rcvd LE Meta (LE Advertising Report)","",""
"260","2.155955","controller","host","HCI_EVT","46","Rcvd LE Meta (LE Advertising Report)","",""
"291","4.296070","controller","host","HCI_EVT","46","Rcvd LE Meta (LE Advertising Report)","",""
"298","1.080544","controller","host","HCI_EVT","46","Rcvd LE Meta (LE Advertising Report)","",""
"303","0.563286","controller","host","HCI_EVT","46","Rcvd LE Meta (LE Advertising Report)","",""
"317","1.586745","controller","host","HCI_EVT","46","Rcvd LE Meta (LE Advertising Report)","",""
"321","0.540317","controller","host","HCI_EVT","46","Rcvd LE Meta (LE Advertising Report)","",""
"363","4.854677","controller","host","HCI_EVT","46","Rcvd LE Meta (LE Advertising Report)","",""
"395","2.654044","controller","host","HCI_EVT","46","Rcvd LE Meta (LE Advertising Report)","",""
"419","3.221638","controller","host","HCI_EVT","46","Rcvd LE Meta (LE Advertising Report)","",""
"471","9.146480","controller","host","HCI_EVT","46","Rcvd LE Meta (LE Advertising Report)","",""
"493","3.230868","controller","host","HCI_EVT","46","Rcvd LE Meta (LE Advertising Report)","",""
"499","0.541036","controller","host","HCI_EVT","46","Rcvd LE Meta (LE Advertising Report)","",""
"505","0.540321","controller","host","HCI_EVT","46","Rcvd LE Meta (LE Advertising Report)","",""
"511","1.069752","controller","host","HCI_EVT","46","Rcvd LE Meta (LE Advertising Report)","",""
"547","4.841146","controller","host","HCI_EVT","46","Rcvd LE Meta (LE Advertising Report)","",""
"552","0.539265","controller","host","HCI_EVT","46","Rcvd LE Meta (LE Advertising Report)","",""
"561","1.608861","controller","host","HCI_EVT","46","Rcvd LE Meta (LE Advertising Report)","",""
"568","1.069420","controller","host","HCI_EVT","46","Rcvd LE Meta (LE Advertising Report)","",""
"577","1.610944","controller","host","HCI_EVT","46","Rcvd LE Meta (LE Advertising Report)","",""
"581","0.538220","controller","host","HCI_EVT","46","Rcvd LE Meta (LE Advertising Report)","",""
"590","1.079565","controller","host","HCI_EVT","46","Rcvd LE Meta (LE Advertising Report)","",""
"595","0.533679","controller","host","HCI_EVT","46","Rcvd LE Meta (LE Advertising Report)","",""
"604","0.536711","controller","host","HCI_EVT","46","Rcvd LE Meta (LE Advertising Report)","",""
"608","0.540268","controller","host","HCI_EVT","46","Rcvd LE Meta (LE Advertising Report)","",""
"628","2.692617","controller","host","HCI_EVT","46","Rcvd LE Meta (LE Advertising Report)","",""
"640","1.069508","controller","host","HCI_EVT","46","Rcvd LE Meta (LE Advertising Report)","",""
"661","2.687096","controller","host","HCI_EVT","46","Rcvd LE Meta (LE Advertising Report)","",""
"670","1.072832","controller","host","HCI_EVT","46","Rcvd LE Meta (LE Advertising Report)","",""
"679","1.615674","controller","host","HCI_EVT","46","Rcvd LE Meta (LE Advertising Report)","",""
"685","0.534167","controller","host","HCI_EVT","46","Rcvd LE Meta (LE Advertising Report)","",""
"715","2.676515","controller","host","HCI_EVT","46","Rcvd LE Meta (LE Advertising Report)","",""
"740","2.689129","controller","host","HCI_EVT","46","Rcvd LE Meta (LE Advertising Report)","",""
"749","1.068598","controller","host","HCI_EVT","46","Rcvd LE Meta (LE Advertising Report)","",""
"754","1.074582","controller","host","HCI_EVT","46","Rcvd LE Meta (LE Advertising Report)","",""
"781","4.295143","controller","host","HCI_EVT","46","Rcvd LE Meta (LE Advertising Report)","",""
"787","1.068463","controller","host","HCI_EVT","46","Rcvd LE Meta (LE Advertising Report)","",""
"800","2.731349","controller","host","HCI_EVT","46","Rcvd LE Meta (LE Advertising Report)","",""
"814","1.560159","controller","host","HCI_EVT","46","Rcvd LE Meta (LE Advertising Report)","",""
"819","0.537910","controller","host","HCI_EVT","46","Rcvd LE Meta (LE Advertising Report)","",""
"835","1.609875","controller","host","HCI_EVT","46","Rcvd LE Meta (LE Advertising Report)","",""
"857","3.221597","controller","host","HCI_EVT","46","Rcvd LE Meta (LE Advertising Report)","",""
"872","2.136984","controller","host","HCI_EVT","46","Rcvd LE Meta (LE Advertising Report)","",""
"892","3.747863","controller","host","HCI_EVT","46","Rcvd LE Meta (LE Advertising Report)","",""
"911","2.678392","controller","host","HCI_EVT","46","Rcvd LE Meta (LE Advertising Report)","",""
"925","1.598270","controller","host","HCI_EVT","46","Rcvd LE Meta (LE Advertising Report)","",""
"942","1.598256","controller","host","HCI_EVT","46","Rcvd LE Meta (LE Advertising Report)","",""
"977","4.818433","controller","host","HCI_EVT","46","Rcvd LE Meta (LE Advertising Report)","",""
"980","0.541194","controller","host","HCI_EVT","46","Rcvd LE Meta (LE Advertising Report)","",""
"985","0.540326","controller","host","HCI_EVT","46","Rcvd LE Meta (LE Advertising Report)","",""
"1036","6.958491","controller","host","HCI_EVT","46","Rcvd LE Meta (LE Advertising Report)","",""
"1045","1.607915","controller","host","HCI_EVT","46","Rcvd LE Meta (LE Advertising Report)","",""
